block,collateralUSDC,collateralSymbolUSDC,ratePerSecUSDC,fullUtilizationRateUSDC,lowExchangeRateUSDC,highExchangeRateUSDC,totalAssetUSDC,totalCollateralUSDC,totalBorrowUSDC,newCurrentRateInfoUSDC,feeToProtocolRateUSDC,collateralmkUSD,collateralSymbolmkUSD,ratePerSecmkUSD,fullUtilizationRatemkUSD,lowExchangeRatemkUSD,highExchangeRatemkUSD,totalAssetmkUSD,totalCollateralmkUSD,totalBorrowmkUSD,newCurrentRateInfomkUSD,feeToProtocolRatemkUSD,collateralUSDT,collateralSymbolUSDT,ratePerSecUSDT,fullUtilizationRateUSDT,lowExchangeRateUSDT,highExchangeRateUSDT,totalAssetUSDT,totalCollateralUSDT,totalBorrowUSDT,newCurrentRateInfoUSDT,feeToProtocolRateUSDT,collateralFRAX,collateralSymbolFRAX,ratePerSecFRAX,fullUtilizationRateFRAX,lowExchangeRateFRAX,highExchangeRateFRAX,totalAssetFRAX,totalCollateralFRAX,totalBorrowFRAX,newCurrentRateInfoFRAX,feeToProtocolRateFRAX
19121700,0x7cA00559B978CFde81297849be6151d3ccB408A9,yvCurve-USDC-crvUSD-f,633779108,633779108,0.959338,0.959338,517849.413974,20.0,10.013974,633779108,0,0xd901DCf4948a29d7D9D7E015AAF61591825AC267,yvCurve-mkUSD-crvUSD-f,633779108,9506686623,0.998373,0.998373,345199.6,0.0,0.0,633779108,0,0x241AdD131B9aaa7527132b752252b99420937ADc,yvCurve-USDT-crvUSD-f,5703932751,5704011974,0.917616,0.917616,517799.550786,45.89977,22.150786,633953397,0,0x8176b059BD8f63aeB7e20282b12D243b4626E2AE,yvCurve-FRAX-crvUSD-f,633779108,3802674649,0.96346,0.96346,345199.6,0.0,0.0,633779108,0
19122900,0x7cA00559B978CFde81297849be6151d3ccB408A9,yvCurve-USDC-crvUSD-f,633779108,633779108,0.959338,0.959338,517849.413974,20.0,10.013974,633779108,0,0xd901DCf4948a29d7D9D7E015AAF61591825AC267,yvCurve-mkUSD-crvUSD-f,633779108,9506686623,0.998373,0.998373,345199.6,0.0,0.0,633779108,0,0x241AdD131B9aaa7527132b752252b99420937ADc,yvCurve-USDT-crvUSD-f,5703932751,5704011974,0.917616,0.917616,517799.550786,45.89977,22.150786,633953397,0,0x8176b059BD8f63aeB7e20282b12D243b4626E2AE,yvCurve-FRAX-crvUSD-f,633779108,3802674649,0.96346,0.96346,345199.6,0.0,0.0,633779108,0
19124100,0x7cA00559B978CFde81297849be6151d3ccB408A9,yvCurve-USDC-crvUSD-f,633779108,633779108,0.961897,0.961897,517849.414124,33324.890236,29864.452139,633779108,0,0xd901DCf4948a29d7D9D7E015AAF61591825AC267,yvCurve-mkUSD-crvUSD-f,633779108,9506686623,0.998373,0.998373,345199.6,0.0,0.0,633779108,0,0x241AdD131B9aaa7527132b752252b99420937ADc,yvCurve-USDT-crvUSD-f,5703932751,5704011974,0.917616,0.917616,517799.550786,45.89977,22.150786,633953397,0,0x8176b059BD8f63aeB7e20282b12D243b4626E2AE,yvCurve-FRAX-crvUSD-f,633779108,3802674649,0.96346,0.96346,345199.6,0.0,0.0,633779108,0
19125300,0x7cA00559B978CFde81297849be6151d3ccB408A9,yvCurve-USDC-crvUSD-f,633779108,633779108,0.961897,0.961897,517849.414124,33324.890236,29864.452139,633779108,0,0xd901DCf4948a29d7D9D7E015AAF61591825AC267,yvCurve-mkUSD-crvUSD-f,633779108,9506686623,0.998373,0.998373,345199.6,0.0,0.0,633779108,0,0x241AdD131B9aaa7527132b752252b99420937ADc,yvCurve-USDT-crvUSD-f,5703932751,5704011974,0.917616,0.917616,517799.550786,45.89977,22.150786,633953397,0,0x8176b059BD8f63aeB7e20282b12D243b4626E2AE,yvCurve-FRAX-crvUSD-f,633779108,3802674649,0.96346,0.96346,345199.6,0.0,0.0,633779108,0
19126500,0x7cA00559B978CFde81297849be6151d3ccB408A9,yvCurve-USDC-crvUSD-f,633779108,633779108,0.961897,0.961897,517849.414124,33324.890236,29864.452139,633779108,0,0xd901DCf4948a29d7D9D7E015AAF61591825AC267,yvCurve-mkUSD-crvUSD-f,633779108,9506686623,0.998373,0.998373,345199.6,0.0,0.0,633779108,0,0x241AdD131B9aaa7527132b752252b99420937ADc,yvCurve-USDT-crvUSD-f,5703932751,5704011974,0.917616,0.917616,517799.550786,45.89977,22.150786,633953397,0,0x8176b059BD8f63aeB7e20282b12D243b4626E2AE,yvCurve-FRAX-crvUSD-f,633779108,3802674649,0.96346,0.96346,345199.6,0.0,0.0,633779108,0
19127700,0x7cA00559B978CFde81297849be6151d3ccB408A9,yvCurve-USDC-crvUSD-f,633779108,633779108,0.961897,0.961897,517849.414124,33324.890236,29864.452139,633779108,0,0xd901DCf4948a29d7D9D7E015AAF61591825AC267,yvCurve-mkUSD-crvUSD-f,633779108,9506686623,0.998373,0.998373,345199.6,0.0,0.0,633779108,0,0x241AdD131B9aaa7527132b752252b99420937ADc,yvCurve-USDT-crvUSD-f,5703932751,5704011974,0.917616,0.917616,517799.550786,45.89977,22.150786,633953397,0,0x8176b059BD8f63aeB7e20282b12D243b4626E2AE,yvCurve-FRAX-crvUSD-f,633779108,3802674649,0.96346,0.96346,345199.6,0.0,0.0,633779108,0
19128900,0x7cA00559B978CFde81297849be6151d3ccB408A9,yvCurve-USDC-crvUSD-f,633779108,633779108,0.961897,0.961897,517849.414124,33324.890236,29864.452139,633779108,0,0xd901DCf4948a29d7D9D7E015AAF61591825AC267,yvCurve-mkUSD-crvUSD-f,633779108,9506686623,0.998373,0.998373,345199.6,0.0,0.0,633779108,0,0x241AdD131B9aaa7527132b752252b99420937ADc,yvCurve-USDT-crvUSD-f,5703932751,5704011974,0.917616,0.917616,517799.550786,45.89977,22.150786,633953397,0,0x8176b059BD8f63aeB7e20282b12D243b4626E2AE,yvCurve-FRAX-crvUSD-f,633779108,3802674649,0.96346,0.96346,345319.6,0.0,0.0,633779108,0
19130100,0x7cA00559B978CFde81297849be6151d3ccB408A9,yvCurve-USDC-crvUSD-f,633779108,633779108,0.961897,0.961897,517849.414124,33324.890236,29864.452139,633779108,0,0xd901DCf4948a29d7D9D7E015AAF61591825AC267,yvCurve-mkUSD-crvUSD-f,633779108,9506686623,0.998373,0.998373,345199.6,0.0,0.0,633779108,0,0x241AdD131B9aaa7527132b752252b99420937ADc,yvCurve-USDT-crvUSD-f,5703932751,5704011974,0.917616,0.917616,517799.550786,45.89977,22.150786,633953397,0,0x8176b059BD8f63aeB7e20282b12D243b4626E2AE,yvCurve-FRAX-crvUSD-f,633779108,3802674649,0.96346,0.96346,345319.6,0.0,0.0,633779108,0
19131300,0x7cA00559B978CFde81297849be6151d3ccB408A9,yvCurve-USDC-crvUSD-f,633779108,633779108,0.961897,0.961897,517849.414124,33324.890236,29864.452139,633779108,0,0xd901DCf4948a29d7D9D7E015AAF61591825AC267,yvCurve-mkUSD-crvUSD-f,633779108,9506686623,0.998373,0.998373,345199.6,0.0,0.0,633779108,0,0x241AdD131B9aaa7527132b752252b99420937ADc,yvCurve-USDT-crvUSD-f,633953397,5704011974,0.903193,0.903193,517799.552411,66024.336926,63117.270677,1164882039,0,0x8176b059BD8f63aeB7e20282b12D243b4626E2AE,yvCurve-FRAX-crvUSD-f,633779108,3802674649,0.96346,0.96346,345319.6,0.0,0.0,633779108,0
19132500,0x7cA00559B978CFde81297849be6151d3ccB408A9,yvCurve-USDC-crvUSD-f,633779108,633779108,0.961897,0.961897,517849.414124,33324.890236,29864.452139,633779108,0,0xd901DCf4948a29d7D9D7E015AAF61591825AC267,yvCurve-mkUSD-crvUSD-f,633779108,9506686623,0.998373,0.998373,345199.6,0.0,0.0,633779108,0,0x241AdD131B9aaa7527132b752252b99420937ADc,yvCurve-USDT-crvUSD-f,1173727219,5704011974,0.903006,0.903006,517800.970863,232991.894761,212042.411867,2418065353,0,0x8176b059BD8f63aeB7e20282b12D243b4626E2AE,yvCurve-FRAX-crvUSD-f,633779108,3802674649,0.96346,0.96346,345319.6,0.0,0.0,633779108,0
19133700,0x7cA00559B978CFde81297849be6151d3ccB408A9,yvCurve-USDC-crvUSD-f,633779108,633779108,0.961897,0.961897,517849.414124,33324.890236,29864.452139,633779108,0,0xd901DCf4948a29d7D9D7E015AAF61591825AC267,yvCurve-mkUSD-crvUSD-f,633779108,9506686623,0.998373,0.998373,345199.6,0.0,0.0,633779108,0,0x241AdD131B9aaa7527132b752252b99420937ADc,yvCurve-USDT-crvUSD-f,1173727219,5704011974,0.903006,0.903006,517800.970863,232991.894761,212042.411867,2418065353,0,0x8176b059BD8f63aeB7e20282b12D243b4626E2AE,yvCurve-FRAX-crvUSD-f,633779108,3802674649,0.96346,0.96346,345319.6,0.0,0.0,633779108,0
19134900,0x7cA00559B978CFde81297849be6151d3ccB408A9,yvCurve-USDC-crvUSD-f,633779108,633779108,0.961897,0.961897,517849.414124,33324.890236,29864.452139,633779108,0,0xd901DCf4948a29d7D9D7E015AAF61591825AC267,yvCurve-mkUSD-crvUSD-f,633779108,9506686623,0.998373,0.998373,345199.6,0.0,0.0,633779108,0,0x241AdD131B9aaa7527132b752252b99420937ADc,yvCurve-USDT-crvUSD-f,1173727219,5704011974,0.903006,0.903006,517800.970863,232991.894761,212042.411867,2418065353,0,0x8176b059BD8f63aeB7e20282b12D243b4626E2AE,yvCurve-FRAX-crvUSD-f,633779108,3802674649,0.96346,0.96346,345319.6,0.0,0.0,633779108,0
19136100,0x7cA00559B978CFde81297849be6151d3ccB408A9,yvCurve-USDC-crvUSD-f,633779108,633779108,0.961897,0.961897,517849.414124,33324.890236,29864.452139,633779108,0,0xd901DCf4948a29d7D9D7E015AAF61591825AC267,yvCurve-mkUSD-crvUSD-f,633779108,9506686623,0.998373,0.998373,345199.6,0.0,0.0,633779108,0,0x241AdD131B9aaa7527132b752252b99420937ADc,yvCurve-USDT-crvUSD-f,1173727219,5704011974,0.903006,0.903006,517800.970863,232991.894761,212042.411867,2418065353,0,0x8176b059BD8f63aeB7e20282b12D243b4626E2AE,yvCurve-FRAX-crvUSD-f,633779108,3802674649,0.96346,0.96346,345319.6,0.0,0.0,633779108,0
19137300,0x7cA00559B978CFde81297849be6151d3ccB408A9,yvCurve-USDC-crvUSD-f,633779108,633779108,0.961897,0.961897,517849.414124,33324.890236,29864.452139,633779108,0,0xd901DCf4948a29d7D9D7E015AAF61591825AC267,yvCurve-mkUSD-crvUSD-f,633779108,9506686623,0.998373,0.998373,345199.6,0.0,0.0,633779108,0,0x241AdD131B9aaa7527132b752252b99420937ADc,yvCurve-USDT-crvUSD-f,1173727219,5704011974,0.903006,0.903006,517800.970863,232991.894761,212042.411867,2418065353,0,0x8176b059BD8f63aeB7e20282b12D243b4626E2AE,yvCurve-FRAX-crvUSD-f,633779108,3802674649,0.96346,0.96346,345319.6,0.0,0.0,633779108,0
19138500,0x7cA00559B978CFde81297849be6151d3ccB408A9,yvCurve-USDC-crvUSD-f,633779108,633779108,0.961897,0.961897,517849.414124,33324.890236,29864.452139,633779108,0,0xd901DCf4948a29d7D9D7E015AAF61591825AC267,yvCurve-mkUSD-crvUSD-f,633779108,9506686623,0.998373,0.998373,345199.6,0.0,0.0,633779108,0,0x241AdD131B9aaa7527132b752252b99420937ADc,yvCurve-USDT-crvUSD-f,1173727219,5704011974,0.903006,0.903006,517800.970863,232991.894761,212042.411867,2418065353,0,0x8176b059BD8f63aeB7e20282b12D243b4626E2AE,yvCurve-FRAX-crvUSD-f,633779108,3802674649,0.96346,0.96346,345319.6,0.0,0.0,633779108,0
19139700,0x7cA00559B978CFde81297849be6151d3ccB408A9,yvCurve-USDC-crvUSD-f,633779108,633779108,0.961897,0.961897,517849.414124,33324.890236,29864.452139,633779108,0,0xd901DCf4948a29d7D9D7E015AAF61591825AC267,yvCurve-mkUSD-crvUSD-f,633779108,9506686623,0.998373,0.998373,345199.6,0.0,0.0,633779108,0,0x241AdD131B9aaa7527132b752252b99420937ADc,yvCurve-USDT-crvUSD-f,1173727219,5704011974,0.903006,0.903006,517800.970863,232991.894761,212042.411867,2418065353,0,0x8176b059BD8f63aeB7e20282b12D243b4626E2AE,yvCurve-FRAX-crvUSD-f,633779108,3802674649,0.96346,0.96346,345319.6,0.0,0.0,633779108,0
19140900,0x7cA00559B978CFde81297849be6151d3ccB408A9,yvCurve-USDC-crvUSD-f,633779108,633779108,0.961897,0.961897,517849.414124,33324.890236,29864.452139,633779108,0,0xd901DCf4948a29d7D9D7E015AAF61591825AC267,yvCurve-mkUSD-crvUSD-f,633779108,9506686623,0.998373,0.998373,345199.6,0.0,0.0,633779108,0,0x241AdD131B9aaa7527132b752252b99420937ADc,yvCurve-USDT-crvUSD-f,1173727219,5704011974,0.903006,0.903006,517800.970863,232991.894761,212042.411867,2418065353,0,0x8176b059BD8f63aeB7e20282b12D243b4626E2AE,yvCurve-FRAX-crvUSD-f,633779108,3802674649,0.96346,0.96346,345319.6,0.0,0.0,633779108,0
19142100,0x7cA00559B978CFde81297849be6151d3ccB408A9,yvCurve-USDC-crvUSD-f,633779108,633779108,0.961897,0.961897,517855.549926,33324.890236,29868.587942,633779108,0,0xd901DCf4948a29d7D9D7E015AAF61591825AC267,yvCurve-mkUSD-crvUSD-f,633779108,9506686623,0.998373,0.998373,345199.6,0.0,0.0,633779108,0,0x241AdD131B9aaa7527132b752252b99420937ADc,yvCurve-USDT-crvUSD-f,1173727219,5704011974,0.903006,0.903006,517800.970863,232991.894761,212042.411867,2418065353,0,0x8176b059BD8f63aeB7e20282b12D243b4626E2AE,yvCurve-FRAX-crvUSD-f,633779108,3802674649,0.96346,0.96346,345319.6,0.0,0.0,633779108,0
19143300,0x7cA00559B978CFde81297849be6151d3ccB408A9,yvCurve-USDC-crvUSD-f,633779108,633779108,0.961897,0.961897,517855.549926,33324.890236,29868.587942,633779108,0,0xd901DCf4948a29d7D9D7E015AAF61591825AC267,yvCurve-mkUSD-crvUSD-f,633779108,9506686623,0.998373,0.998373,345199.6,0.0,0.0,633779108,0,0x241AdD131B9aaa7527132b752252b99420937ADc,yvCurve-USDT-crvUSD-f,2752352144,5704011974,0.90399,0.90399,1008944.347089,279108.218052,251798.866631,1721169768,0,0x8176b059BD8f63aeB7e20282b12D243b4626E2AE,yvCurve-FRAX-crvUSD-f,633779108,3802674649,0.96346,0.96346,345319.6,0.0,0.0,633779108,0
19144500,0x7cA00559B978CFde81297849be6151d3ccB408A9,yvCurve-USDC-crvUSD-f,633779108,633779108,0.961897,0.961897,517855.549926,33324.890236,29868.587942,633779108,0,0xd901DCf4948a29d7D9D7E015AAF61591825AC267,yvCurve-mkUSD-crvUSD-f,633779108,9506686623,0.998373,0.998373,345199.6,0.0,0.0,633779108,0,0x241AdD131B9aaa7527132b752252b99420937ADc,yvCurve-USDT-crvUSD-f,2752352144,5704011974,0.90399,0.90399,1008944.347089,279108.218052,251798.866631,1721169768,0,0x8176b059BD8f63aeB7e20282b12D243b4626E2AE,yvCurve-FRAX-crvUSD-f,633779108,3802674649,0.96346,0.96346,345319.6,0.0,0.0,633779108,0
19145700,0x7cA00559B978CFde81297849be6151d3ccB408A9,yvCurve-USDC-crvUSD-f,633779108,633779108,0.961897,0.961897,517855.549926,33324.890236,29868.587942,633779108,0,0xd901DCf4948a29d7D9D7E015AAF61591825AC267,yvCurve-mkUSD-crvUSD-f,633779108,9506686623,0.998373,0.998373,345199.6,0.0,0.0,633779108,0,0x241AdD131B9aaa7527132b752252b99420937ADc,yvCurve-USDT-crvUSD-f,1721169768,5704011974,0.902148,0.902148,1008958.07684,327650.810322,297839.580868,1919990235,0,0x8176b059BD8f63aeB7e20282b12D243b4626E2AE,yvCurve-FRAX-crvUSD-f,633779108,3802674649,0.96346,0.96346,345319.6,0.0,0.0,633779108,0
19146900,0x7cA00559B978CFde81297849be6151d3ccB408A9,yvCurve-USDC-crvUSD-f,633779108,633779108,0.961897,0.961897,517855.549926,33324.890236,29868.587942,633779108,0,0xd901DCf4948a29d7D9D7E015AAF61591825AC267,yvCurve-mkUSD-crvUSD-f,633779108,9506686623,0.998373,0.998373,345199.6,0.0,0.0,633779108,0,0x241AdD131B9aaa7527132b752252b99420937ADc,yvCurve-USDT-crvUSD-f,1721169768,5704011974,0.902148,0.902148,1008958.07684,327650.810322,297839.580868,1919990235,0,0x8176b059BD8f63aeB7e20282b12D243b4626E2AE,yvCurve-FRAX-crvUSD-f,633779108,3802674649,0.96346,0.96346,345319.6,0.0,0.0,633779108,0
19148100,0x7cA00559B978CFde81297849be6151d3ccB408A9,yvCurve-USDC-crvUSD-f,633779108,633779108,0.961897,0.961897,517855.549926,33324.890236,29868.587942,633779108,0,0xd901DCf4948a29d7D9D7E015AAF61591825AC267,yvCurve-mkUSD-crvUSD-f,633779108,9506686623,0.998373,0.998373,345199.6,0.0,0.0,633779108,0,0x241AdD131B9aaa7527132b752252b99420937ADc,yvCurve-USDT-crvUSD-f,2233623749,5704011974,0.902721,0.902721,1008977.646105,420186.499451,375470.591282,2255192044,0,0x8176b059BD8f63aeB7e20282b12D243b4626E2AE,yvCurve-FRAX-crvUSD-f,633779108,3802674649,0.96346,0.96346,345319.6,0.0,0.0,633779108,0
19149300,0x7cA00559B978CFde81297849be6151d3ccB408A9,yvCurve-USDC-crvUSD-f,633779108,633779108,0.961897,0.961897,517855.549926,33324.890236,29868.587942,633779108,0,0xd901DCf4948a29d7D9D7E015AAF61591825AC267,yvCurve-mkUSD-crvUSD-f,633779108,9506686623,0.998373,0.998373,345199.6,0.0,0.0,633779108,0,0x241AdD131B9aaa7527132b752252b99420937ADc,yvCurve-USDT-crvUSD-f,2233623749,5704011974,0.902721,0.902721,1008977.646105,420186.499451,375470.591282,2255192044,0,0x8176b059BD8f63aeB7e20282b12D243b4626E2AE,yvCurve-FRAX-crvUSD-f,633779108,3802674649,0.96346,0.96346,345319.6,0.0,0.0,633779108,0
19150500,0x7cA00559B978CFde81297849be6151d3ccB408A9,yvCurve-USDC-crvUSD-f,633779108,633779108,0.961897,0.961897,517855.549926,33324.890236,29868.587942,633779108,0,0xd901DCf4948a29d7D9D7E015AAF61591825AC267,yvCurve-mkUSD-crvUSD-f,633779108,9506686623,0.998373,0.998373,345199.6,0.0,0.0,633779108,0,0x241AdD131B9aaa7527132b752252b99420937ADc,yvCurve-USDT-crvUSD-f,2233623749,5704011974,0.902721,0.902721,1008977.646105,420186.499451,375470.591282,2255192044,0,0x8176b059BD8f63aeB7e20282b12D243b4626E2AE,yvCurve-FRAX-crvUSD-f,633779108,3802674649,0.96346,0.96346,345319.6,0.0,0.0,633779108,0
19151700,0x7cA00559B978CFde81297849be6151d3ccB408A9,yvCurve-USDC-crvUSD-f,633779108,633779108,0.961897,0.961897,517855.549926,33324.890236,29868.587942,633779108,0,0xd901DCf4948a29d7D9D7E015AAF61591825AC267,yvCurve-mkUSD-crvUSD-f,633779108,9506686623,0.998373,0.998373,345199.6,0.0,0.0,633779108,0,0x241AdD131B9aaa7527132b752252b99420937ADc,yvCurve-USDT-crvUSD-f,2233623749,5704011974,0.902721,0.902721,1008977.646105,420186.499451,375470.591282,2255192044,0,0x8176b059BD8f63aeB7e20282b12D243b4626E2AE,yvCurve-FRAX-crvUSD-f,633779108,3802674649,0.96346,0.96346,345319.6,0.0,0.0,633779108,0
19152900,0x7cA00559B978CFde81297849be6151d3ccB408A9,yvCurve-USDC-crvUSD-f,633779108,633779108,0.961897,0.961897,517855.549926,33324.890236,29868.587942,633779108,0,0xd901DCf4948a29d7D9D7E015AAF61591825AC267,yvCurve-mkUSD-crvUSD-f,633779108,9506686623,0.998373,0.998373,345199.6,0.0,0.0,633779108,0,0x241AdD131B9aaa7527132b752252b99420937ADc,yvCurve-USDT-crvUSD-f,2233623749,5704011974,0.902721,0.902721,1008977.646105,420186.499451,375470.591282,2255192044,0,0x8176b059BD8f63aeB7e20282b12D243b4626E2AE,yvCurve-FRAX-crvUSD-f,633779108,3802674649,0.96346,0.96346,345319.6,0.0,0.0,633779108,0
19154100,0x7cA00559B978CFde81297849be6151d3ccB408A9,yvCurve-USDC-crvUSD-f,633779108,633779108,0.961897,0.961897,517855.549926,33324.890236,29868.587942,633779108,0,0xd901DCf4948a29d7D9D7E015AAF61591825AC267,yvCurve-mkUSD-crvUSD-f,633779108,9506686623,0.998373,0.998373,345199.6,0.0,0.0,633779108,0,0x241AdD131B9aaa7527132b752252b99420937ADc,yvCurve-USDT-crvUSD-f,2233623749,5704011974,0.902721,0.902721,1008977.646105,420186.499451,375470.591282,2255192044,0,0x8176b059BD8f63aeB7e20282b12D243b4626E2AE,yvCurve-FRAX-crvUSD-f,633779108,3802674649,0.96346,0.96346,345319.6,0.0,0.0,633779108,0
19155300,0x7cA00559B978CFde81297849be6151d3ccB408A9,yvCurve-USDC-crvUSD-f,633779108,633779108,0.961897,0.961897,517855.549926,33324.890236,29868.587942,633779108,0,0xd901DCf4948a29d7D9D7E015AAF61591825AC267,yvCurve-mkUSD-crvUSD-f,633779108,9506686623,0.998373,0.998373,345199.6,0.0,0.0,633779108,0,0x241AdD131B9aaa7527132b752252b99420937ADc,yvCurve-USDT-crvUSD-f,2233623749,5704011974,0.902721,0.902721,1008977.646105,420186.499451,375470.591282,2255192044,0,0x8176b059BD8f63aeB7e20282b12D243b4626E2AE,yvCurve-FRAX-crvUSD-f,633779108,3802674649,0.96346,0.96346,345319.6,0.0,0.0,633779108,0
19156500,0x7cA00559B978CFde81297849be6151d3ccB408A9,yvCurve-USDC-crvUSD-f,633779108,633779108,0.961897,0.961897,517855.549926,33324.890236,29868.587942,633779108,0,0xd901DCf4948a29d7D9D7E015AAF61591825AC267,yvCurve-mkUSD-crvUSD-f,633779108,9506686623,0.998373,0.998373,345199.6,0.0,0.0,633779108,0,0x241AdD131B9aaa7527132b752252b99420937ADc,yvCurve-USDT-crvUSD-f,2233623749,5704011974,0.902721,0.902721,1008977.646105,420186.499451,375470.591282,2255192044,0,0x8176b059BD8f63aeB7e20282b12D243b4626E2AE,yvCurve-FRAX-crvUSD-f,633779108,3802674649,0.96346,0.96346,345319.6,0.0,0.0,633779108,0
19157700,0x7cA00559B978CFde81297849be6151d3ccB408A9,yvCurve-USDC-crvUSD-f,633779108,633779108,0.961897,0.961897,517855.549926,33324.890236,29868.587942,633779108,0,0xd901DCf4948a29d7D9D7E015AAF61591825AC267,yvCurve-mkUSD-crvUSD-f,633779108,9506686623,0.998373,0.998373,345199.6,0.0,0.0,633779108,0,0x241AdD131B9aaa7527132b752252b99420937ADc,yvCurve-USDT-crvUSD-f,2233623749,5704011974,0.902721,0.902721,1008977.646105,420186.499451,375470.591282,2255192044,0,0x8176b059BD8f63aeB7e20282b12D243b4626E2AE,yvCurve-FRAX-crvUSD-f,633779108,3802674649,0.96346,0.96346,345319.6,0.0,0.0,633779108,0
19158900,0x7cA00559B978CFde81297849be6151d3ccB408A9,yvCurve-USDC-crvUSD-f,633779108,633779108,0.961897,0.961897,517855.549926,33324.890236,29868.587942,633779108,0,0xd901DCf4948a29d7D9D7E015AAF61591825AC267,yvCurve-mkUSD-crvUSD-f,633779108,9506686623,0.998373,0.998373,345199.6,0.0,0.0,633779108,0,0x241AdD131B9aaa7527132b752252b99420937ADc,yvCurve-USDT-crvUSD-f,2233623749,5704011974,0.902721,0.902721,1008977.646105,420186.499451,375470.591282,2255192044,0,0x8176b059BD8f63aeB7e20282b12D243b4626E2AE,yvCurve-FRAX-crvUSD-f,633779108,3802674649,0.96346,0.96346,345319.6,0.0,0.0,633779108,0
19160100,0x7cA00559B978CFde81297849be6151d3ccB408A9,yvCurve-USDC-crvUSD-f,633779108,633779108,0.961897,0.961897,517855.549926,33324.890236,29868.587942,633779108,0,0xd901DCf4948a29d7D9D7E015AAF61591825AC267,yvCurve-mkUSD-crvUSD-f,633779108,9506686623,0.998373,0.998373,345199.6,0.0,0.0,633779108,0,0x241AdD131B9aaa7527132b752252b99420937ADc,yvCurve-USDT-crvUSD-f,2233623749,5704011974,0.902721,0.902721,1008977.646105,420186.499451,375470.591282,2255192044,0,0x8176b059BD8f63aeB7e20282b12D243b4626E2AE,yvCurve-FRAX-crvUSD-f,633779108,3802674649,0.96346,0.96346,345319.6,0.0,0.0,633779108,0
19161300,0x7cA00559B978CFde81297849be6151d3ccB408A9,yvCurve-USDC-crvUSD-f,633779108,633779108,0.961897,0.961897,517855.549926,33324.890236,29868.587942,633779108,0,0xd901DCf4948a29d7D9D7E015AAF61591825AC267,yvCurve-mkUSD-crvUSD-f,633779108,9506686623,0.998373,0.998373,345199.6,0.0,0.0,633779108,0,0x241AdD131B9aaa7527132b752252b99420937ADc,yvCurve-USDT-crvUSD-f,2233623749,5704011974,0.902721,0.902721,1008977.646105,420186.499451,375470.591282,2255192044,0,0x8176b059BD8f63aeB7e20282b12D243b4626E2AE,yvCurve-FRAX-crvUSD-f,633779108,3802674649,0.96346,0.96346,345319.6,0.0,0.0,633779108,0
19162500,0x7cA00559B978CFde81297849be6151d3ccB408A9,yvCurve-USDC-crvUSD-f,633779108,633779108,0.961897,0.961897,517855.549926,33324.890236,29868.587942,633779108,0,0xd901DCf4948a29d7D9D7E015AAF61591825AC267,yvCurve-mkUSD-crvUSD-f,633779108,9506686623,0.998373,0.998373,345199.6,0.0,0.0,633779108,0,0x241AdD131B9aaa7527132b752252b99420937ADc,yvCurve-USDT-crvUSD-f,2233623749,5704011974,0.902721,0.902721,1008977.646105,420186.499451,375470.591282,2255192044,0,0x8176b059BD8f63aeB7e20282b12D243b4626E2AE,yvCurve-FRAX-crvUSD-f,633779108,3802674649,0.96346,0.96346,345319.6,0.0,0.0,633779108,0
19163700,0x7cA00559B978CFde81297849be6151d3ccB408A9,yvCurve-USDC-crvUSD-f,633779108,633779108,0.961897,0.961897,517855.549926,33324.890236,29868.587942,633779108,0,0xd901DCf4948a29d7D9D7E015AAF61591825AC267,yvCurve-mkUSD-crvUSD-f,633779108,9506686623,0.998373,0.998373,345199.6,0.0,0.0,633779108,0,0x241AdD131B9aaa7527132b752252b99420937ADc,yvCurve-USDT-crvUSD-f,2233623749,5704011974,0.902721,0.902721,1008977.646105,420186.499451,375470.591282,2255192044,0,0x8176b059BD8f63aeB7e20282b12D243b4626E2AE,yvCurve-FRAX-crvUSD-f,633779108,3802674649,0.96346,0.96346,345319.6,0.0,0.0,633779108,0
19164900,0x7cA00559B978CFde81297849be6151d3ccB408A9,yvCurve-USDC-crvUSD-f,633779108,633779108,0.961897,0.961897,517855.549926,33324.890236,29868.587942,633779108,0,0xd901DCf4948a29d7D9D7E015AAF61591825AC267,yvCurve-mkUSD-crvUSD-f,633779108,9506686623,0.998373,0.998373,345199.6,0.0,0.0,633779108,0,0x241AdD131B9aaa7527132b752252b99420937ADc,yvCurve-USDT-crvUSD-f,2233623749,5704011974,0.902721,0.902721,1008977.646105,420186.499451,375470.591282,2255192044,0,0x8176b059BD8f63aeB7e20282b12D243b4626E2AE,yvCurve-FRAX-crvUSD-f,633779108,3802674649,0.96346,0.96346,345319.6,0.0,0.0,633779108,0
19166100,0x7cA00559B978CFde81297849be6151d3ccB408A9,yvCurve-USDC-crvUSD-f,633779108,633779108,0.961897,0.961897,517855.549926,33324.890236,29868.587942,633779108,0,0xd901DCf4948a29d7D9D7E015AAF61591825AC267,yvCurve-mkUSD-crvUSD-f,633779108,9506686623,0.99796,0.99796,345199.6,9690.652522,7935.869699,779421547,0,0x241AdD131B9aaa7527132b752252b99420937ADc,yvCurve-USDT-crvUSD-f,2233623749,5704011974,0.902721,0.902721,1008977.646105,420186.499451,375470.591282,2255192044,0,0x8176b059BD8f63aeB7e20282b12D243b4626E2AE,yvCurve-FRAX-crvUSD-f,633779108,3802674649,0.96346,0.96346,345319.6,0.0,0.0,633779108,0
19167300,0x7cA00559B978CFde81297849be6151d3ccB408A9,yvCurve-USDC-crvUSD-f,633779108,633779108,0.961897,0.961897,517855.549926,33324.890236,29868.587942,633779108,0,0xd901DCf4948a29d7D9D7E015AAF61591825AC267,yvCurve-mkUSD-crvUSD-f,633779108,9506686623,0.99796,0.99796,345199.6,9690.652522,7935.869699,779421547,0,0x241AdD131B9aaa7527132b752252b99420937ADc,yvCurve-USDT-crvUSD-f,2233623749,5704011974,0.902721,0.902721,1008977.646105,420186.499451,375470.591282,2255192044,0,0x8176b059BD8f63aeB7e20282b12D243b4626E2AE,yvCurve-FRAX-crvUSD-f,633779108,3802674649,0.96346,0.96346,345319.6,0.0,0.0,633779108,0
19168500,0x7cA00559B978CFde81297849be6151d3ccB408A9,yvCurve-USDC-crvUSD-f,633779108,633779108,0.961897,0.961897,517855.549926,33324.890236,29868.587942,633779108,0,0xd901DCf4948a29d7D9D7E015AAF61591825AC267,yvCurve-mkUSD-crvUSD-f,633779108,9506686623,0.99796,0.99796,345199.6,9690.652522,7935.869699,779421547,0,0x241AdD131B9aaa7527132b752252b99420937ADc,yvCurve-USDT-crvUSD-f,2233623749,5704011974,0.902721,0.902721,1008977.646105,420186.499451,375470.591282,2255192044,0,0x8176b059BD8f63aeB7e20282b12D243b4626E2AE,yvCurve-FRAX-crvUSD-f,633779108,3802674649,0.96346,0.96346,345319.6,0.0,0.0,633779108,0
19169700,0x7cA00559B978CFde81297849be6151d3ccB408A9,yvCurve-USDC-crvUSD-f,633779108,633779108,0.961897,0.961897,517855.549926,33324.890236,29868.587942,633779108,0,0xd901DCf4948a29d7D9D7E015AAF61591825AC267,yvCurve-mkUSD-crvUSD-f,633779108,9506686623,0.99796,0.99796,345199.6,9690.652522,7935.869699,779421547,0,0x241AdD131B9aaa7527132b752252b99420937ADc,yvCurve-USDT-crvUSD-f,2233623749,5704011974,0.902721,0.902721,1008977.646105,420186.499451,375470.591282,2255192044,0,0x8176b059BD8f63aeB7e20282b12D243b4626E2AE,yvCurve-FRAX-crvUSD-f,633779108,3802674649,0.96346,0.96346,345319.6,0.0,0.0,633779108,0
19170900,0x7cA00559B978CFde81297849be6151d3ccB408A9,yvCurve-USDC-crvUSD-f,633779108,633779108,0.961897,0.961897,517855.549926,33324.890236,29868.587942,633779108,0,0xd901DCf4948a29d7D9D7E015AAF61591825AC267,yvCurve-mkUSD-crvUSD-f,633779108,9506686623,0.99796,0.99796,345199.6,9690.652522,7935.869699,779421547,0,0x241AdD131B9aaa7527132b752252b99420937ADc,yvCurve-USDT-crvUSD-f,2233623749,5704011974,0.902721,0.902721,1008977.646105,420186.499451,375470.591282,2255192044,0,0x8176b059BD8f63aeB7e20282b12D243b4626E2AE,yvCurve-FRAX-crvUSD-f,633779108,3802674649,0.96346,0.96346,345319.6,0.0,0.0,633779108,0
19172100,0x7cA00559B978CFde81297849be6151d3ccB408A9,yvCurve-USDC-crvUSD-f,633779108,633779108,0.961897,0.961897,517855.549926,33324.890236,29868.587942,633779108,0,0xd901DCf4948a29d7D9D7E015AAF61591825AC267,yvCurve-mkUSD-crvUSD-f,633779108,9506686623,0.99796,0.99796,345199.6,9690.652522,7935.869699,779421547,0,0x241AdD131B9aaa7527132b752252b99420937ADc,yvCurve-USDT-crvUSD-f,2233623749,5704011974,0.902721,0.902721,1008977.646105,420186.499451,375470.591282,2255192044,0,0x8176b059BD8f63aeB7e20282b12D243b4626E2AE,yvCurve-FRAX-crvUSD-f,633779108,3802674649,0.96346,0.96346,345319.6,0.0,0.0,633779108,0
19173300,0x7cA00559B978CFde81297849be6151d3ccB408A9,yvCurve-USDC-crvUSD-f,633779108,633779108,0.961897,0.961897,517855.549926,33324.890236,29868.587942,633779108,0,0xd901DCf4948a29d7D9D7E015AAF61591825AC267,yvCurve-mkUSD-crvUSD-f,633779108,9506686623,0.99796,0.99796,345199.6,9690.652522,7935.869699,779421547,0,0x241AdD131B9aaa7527132b752252b99420937ADc,yvCurve-USDT-crvUSD-f,2233623749,5704011974,0.902721,0.902721,1008977.646105,420186.499451,375470.591282,2255192044,0,0x8176b059BD8f63aeB7e20282b12D243b4626E2AE,yvCurve-FRAX-crvUSD-f,633779108,3802674649,0.96346,0.96346,345319.6,0.0,0.0,633779108,0
19174500,0x7cA00559B978CFde81297849be6151d3ccB408A9,yvCurve-USDC-crvUSD-f,633779108,633779108,0.961897,0.961897,517855.549926,33324.890236,29868.587942,633779108,0,0xd901DCf4948a29d7D9D7E015AAF61591825AC267,yvCurve-mkUSD-crvUSD-f,633779108,9506686623,0.99796,0.99796,345199.6,9690.652522,7935.869699,779421547,0,0x241AdD131B9aaa7527132b752252b99420937ADc,yvCurve-USDT-crvUSD-f,2233623749,5704011974,0.902721,0.902721,1008977.646105,420186.499451,375470.591282,2255192044,0,0x8176b059BD8f63aeB7e20282b12D243b4626E2AE,yvCurve-FRAX-crvUSD-f,633779108,3802674649,0.96346,0.96346,345319.6,0.0,0.0,633779108,0
19175700,0x7cA00559B978CFde81297849be6151d3ccB408A9,yvCurve-USDC-crvUSD-f,633779108,633779108,0.961897,0.961897,517855.549926,33324.890236,29868.587942,633779108,0,0xd901DCf4948a29d7D9D7E015AAF61591825AC267,yvCurve-mkUSD-crvUSD-f,633779108,9506686623,0.99796,0.99796,345199.6,9690.652522,7935.869699,779421547,0,0x241AdD131B9aaa7527132b752252b99420937ADc,yvCurve-USDT-crvUSD-f,2233623749,5704011974,0.902721,0.902721,1008977.646105,420186.499451,375470.591282,2255192044,0,0x8176b059BD8f63aeB7e20282b12D243b4626E2AE,yvCurve-FRAX-crvUSD-f,633779108,3802674649,0.96346,0.96346,345319.6,0.0,0.0,633779108,0
19176900,0x7cA00559B978CFde81297849be6151d3ccB408A9,yvCurve-USDC-crvUSD-f,633779108,633779108,0.961897,0.961897,517855.549926,33324.890236,29868.587942,633779108,0,0xd901DCf4948a29d7D9D7E015AAF61591825AC267,yvCurve-mkUSD-crvUSD-f,633779108,9506686623,0.99796,0.99796,345199.6,9690.652522,7935.869699,779421547,0,0x241AdD131B9aaa7527132b752252b99420937ADc,yvCurve-USDT-crvUSD-f,2233623749,5704011974,0.902721,0.902721,1008977.646105,420186.499451,375470.591282,2255192044,0,0x8176b059BD8f63aeB7e20282b12D243b4626E2AE,yvCurve-FRAX-crvUSD-f,633779108,3802674649,0.96346,0.96346,345319.6,0.0,0.0,633779108,0
19178100,0x7cA00559B978CFde81297849be6151d3ccB408A9,yvCurve-USDC-crvUSD-f,633779108,633779108,0.961897,0.961897,517855.549926,33324.890236,29868.587942,633779108,0,0xd901DCf4948a29d7D9D7E015AAF61591825AC267,yvCurve-mkUSD-crvUSD-f,633779108,9506686623,0.99796,0.99796,345199.6,9690.652522,7935.869699,779421547,0,0x241AdD131B9aaa7527132b752252b99420937ADc,yvCurve-USDT-crvUSD-f,2233623749,5704011974,0.902721,0.902721,1008977.646105,420186.499451,375470.591282,2255192044,0,0x8176b059BD8f63aeB7e20282b12D243b4626E2AE,yvCurve-FRAX-crvUSD-f,633779108,3802674649,0.96346,0.96346,345319.6,0.0,0.0,633779108,0
19179300,0x7cA00559B978CFde81297849be6151d3ccB408A9,yvCurve-USDC-crvUSD-f,633779108,633779108,0.961897,0.961897,517855.549926,33324.890236,29868.587942,633779108,0,0xd901DCf4948a29d7D9D7E015AAF61591825AC267,yvCurve-mkUSD-crvUSD-f,633779108,9506686623,0.99796,0.99796,345199.6,9690.652522,7935.869699,779421547,0,0x241AdD131B9aaa7527132b752252b99420937ADc,yvCurve-USDT-crvUSD-f,2233623749,5704011974,0.902721,0.902721,1008977.646105,420186.499451,375470.591282,2255192044,0,0x8176b059BD8f63aeB7e20282b12D243b4626E2AE,yvCurve-FRAX-crvUSD-f,633779108,3802674649,0.96346,0.96346,345319.6,0.0,0.0,633779108,0
19180500,0x7cA00559B978CFde81297849be6151d3ccB408A9,yvCurve-USDC-crvUSD-f,633779108,633779108,0.961897,0.961897,517855.549926,33324.890236,29868.587942,633779108,0,0xd901DCf4948a29d7D9D7E015AAF61591825AC267,yvCurve-mkUSD-crvUSD-f,633779108,9506686623,0.99796,0.99796,345199.6,9690.652522,7935.869699,779421547,0,0x241AdD131B9aaa7527132b752252b99420937ADc,yvCurve-USDT-crvUSD-f,2233623749,5704011974,0.902721,0.902721,1008977.646105,420186.499451,375470.591282,2255192044,0,0x8176b059BD8f63aeB7e20282b12D243b4626E2AE,yvCurve-FRAX-crvUSD-f,633779108,3802674649,0.96346,0.96346,345319.6,0.0,0.0,633779108,0
19181700,0x7cA00559B978CFde81297849be6151d3ccB408A9,yvCurve-USDC-crvUSD-f,633779108,633779108,0.961897,0.961897,517855.549926,33324.890236,29868.587942,633779108,0,0xd901DCf4948a29d7D9D7E015AAF61591825AC267,yvCurve-mkUSD-crvUSD-f,633779108,9506686623,0.99796,0.99796,345199.6,9690.652522,7935.869699,779421547,0,0x241AdD131B9aaa7527132b752252b99420937ADc,yvCurve-USDT-crvUSD-f,2233623749,5704011974,0.902721,0.902721,1008977.646105,420186.499451,375470.591282,2255192044,0,0x8176b059BD8f63aeB7e20282b12D243b4626E2AE,yvCurve-FRAX-crvUSD-f,633779108,3802674649,0.96346,0.96346,345319.6,0.0,0.0,633779108,0
19182900,0x7cA00559B978CFde81297849be6151d3ccB408A9,yvCurve-USDC-crvUSD-f,633779108,633779108,0.961897,0.961897,517855.549926,33324.890236,29868.587942,633779108,0,0xd901DCf4948a29d7D9D7E015AAF61591825AC267,yvCurve-mkUSD-crvUSD-f,633779108,9506686623,0.99796,0.99796,345199.6,9690.652522,7935.869699,779421547,0,0x241AdD131B9aaa7527132b752252b99420937ADc,yvCurve-USDT-crvUSD-f,2233623749,5704011974,0.902721,0.902721,1008977.646105,420186.499451,375470.591282,2255192044,0,0x8176b059BD8f63aeB7e20282b12D243b4626E2AE,yvCurve-FRAX-crvUSD-f,633779108,3802674649,0.96346,0.96346,345319.6,0.0,0.0,633779108,0
19184100,0x7cA00559B978CFde81297849be6151d3ccB408A9,yvCurve-USDC-crvUSD-f,633779108,633779108,0.961897,0.961897,517855.549926,33324.890236,29868.587942,633779108,0,0xd901DCf4948a29d7D9D7E015AAF61591825AC267,yvCurve-mkUSD-crvUSD-f,633779108,9506686623,0.99796,0.99796,345199.6,9690.652522,7935.869699,779421547,0,0x241AdD131B9aaa7527132b752252b99420937ADc,yvCurve-USDT-crvUSD-f,2233623749,5704011974,0.902721,0.902721,1008977.646105,420186.499451,375470.591282,2255192044,0,0x8176b059BD8f63aeB7e20282b12D243b4626E2AE,yvCurve-FRAX-crvUSD-f,633779108,3802674649,0.96346,0.96346,345319.6,0.0,0.0,633779108,0
19185300,0x7cA00559B978CFde81297849be6151d3ccB408A9,yvCurve-USDC-crvUSD-f,633779108,633779108,0.961897,0.961897,517855.549926,33324.890236,29868.587942,633779108,0,0xd901DCf4948a29d7D9D7E015AAF61591825AC267,yvCurve-mkUSD-crvUSD-f,633779108,9506686623,0.99796,0.99796,345199.6,9690.652522,7935.869699,779421547,0,0x241AdD131B9aaa7527132b752252b99420937ADc,yvCurve-USDT-crvUSD-f,2233623749,5704011974,0.902721,0.902721,1008977.646105,420186.499451,375470.591282,2255192044,0,0x8176b059BD8f63aeB7e20282b12D243b4626E2AE,yvCurve-FRAX-crvUSD-f,633779108,3802674649,0.96346,0.96346,345319.6,0.0,0.0,633779108,0
19186500,0x7cA00559B978CFde81297849be6151d3ccB408A9,yvCurve-USDC-crvUSD-f,633779108,633779108,0.961897,0.961897,517855.549926,33324.890236,29868.587942,633779108,0,0xd901DCf4948a29d7D9D7E015AAF61591825AC267,yvCurve-mkUSD-crvUSD-f,633779108,9506686623,0.99796,0.99796,345199.6,9690.652522,7935.869699,779421547,0,0x241AdD131B9aaa7527132b752252b99420937ADc,yvCurve-USDT-crvUSD-f,2233623749,5704011974,0.902721,0.902721,1008977.646105,420186.499451,375470.591282,2255192044,0,0x8176b059BD8f63aeB7e20282b12D243b4626E2AE,yvCurve-FRAX-crvUSD-f,633779108,3802674649,0.96346,0.96346,345319.6,0.0,0.0,633779108,0
19187700,0x7cA00559B978CFde81297849be6151d3ccB408A9,yvCurve-USDC-crvUSD-f,633779108,633779108,0.961897,0.961897,517855.549926,33324.890236,29868.587942,633779108,0,0xd901DCf4948a29d7D9D7E015AAF61591825AC267,yvCurve-mkUSD-crvUSD-f,633779108,9506686623,0.99796,0.99796,345199.6,9690.652522,7935.869699,779421547,0,0x241AdD131B9aaa7527132b752252b99420937ADc,yvCurve-USDT-crvUSD-f,2233623749,5704011974,0.902721,0.902721,1008977.646105,420186.499451,375470.591282,2255192044,0,0x8176b059BD8f63aeB7e20282b12D243b4626E2AE,yvCurve-FRAX-crvUSD-f,633779108,3802674649,0.96346,0.96346,345319.6,0.0,0.0,633779108,0
19188900,0x7cA00559B978CFde81297849be6151d3ccB408A9,yvCurve-USDC-crvUSD-f,633779108,633779108,0.961897,0.961897,517855.549926,33324.890236,29868.587942,633779108,0,0xd901DCf4948a29d7D9D7E015AAF61591825AC267,yvCurve-mkUSD-crvUSD-f,633779108,9506686623,0.99796,0.99796,345199.6,9690.652522,7935.869699,779421547,0,0x241AdD131B9aaa7527132b752252b99420937ADc,yvCurve-USDT-crvUSD-f,2233623749,5704011974,0.902721,0.902721,1008977.646105,420186.499451,375470.591282,2255192044,0,0x8176b059BD8f63aeB7e20282b12D243b4626E2AE,yvCurve-FRAX-crvUSD-f,633779108,3802674649,0.96346,0.96346,345319.6,0.0,0.0,633779108,0
19190100,0x7cA00559B978CFde81297849be6151d3ccB408A9,yvCurve-USDC-crvUSD-f,633779108,633779108,0.961897,0.961897,517855.549926,33324.890236,29868.587942,633779108,0,0xd901DCf4948a29d7D9D7E015AAF61591825AC267,yvCurve-mkUSD-crvUSD-f,633779108,9506686623,0.99796,0.99796,345199.6,9690.652522,7935.869699,779421547,0,0x241AdD131B9aaa7527132b752252b99420937ADc,yvCurve-USDT-crvUSD-f,2233623749,5704011974,0.902721,0.902721,1008977.646105,420186.499451,375470.591282,2255192044,0,0x8176b059BD8f63aeB7e20282b12D243b4626E2AE,yvCurve-FRAX-crvUSD-f,633779108,3802674649,0.96346,0.96346,345319.6,0.0,0.0,633779108,0
19191300,0x7cA00559B978CFde81297849be6151d3ccB408A9,yvCurve-USDC-crvUSD-f,633779108,633779108,0.961897,0.961897,517855.549926,33324.890236,29868.587942,633779108,0,0xd901DCf4948a29d7D9D7E015AAF61591825AC267,yvCurve-mkUSD-crvUSD-f,633779108,9506686623,0.99796,0.99796,345199.6,9690.652522,7935.869699,779421547,0,0x241AdD131B9aaa7527132b752252b99420937ADc,yvCurve-USDT-crvUSD-f,2233623749,5704011974,0.902721,0.902721,1008977.646105,420186.499451,375470.591282,2255192044,0,0x8176b059BD8f63aeB7e20282b12D243b4626E2AE,yvCurve-FRAX-crvUSD-f,633779108,3802674649,0.96346,0.96346,345319.6,0.0,0.0,633779108,0
19192500,0x7cA00559B978CFde81297849be6151d3ccB408A9,yvCurve-USDC-crvUSD-f,633779108,633779108,0.961897,0.961897,517855.549926,33324.890236,29868.587942,633779108,0,0xd901DCf4948a29d7D9D7E015AAF61591825AC267,yvCurve-mkUSD-crvUSD-f,633779108,9506686623,0.99796,0.99796,345199.6,9690.652522,7935.869699,779421547,0,0x241AdD131B9aaa7527132b752252b99420937ADc,yvCurve-USDT-crvUSD-f,2233623749,5704011974,0.902721,0.902721,1008977.646105,420186.499451,375470.591282,2255192044,0,0x8176b059BD8f63aeB7e20282b12D243b4626E2AE,yvCurve-FRAX-crvUSD-f,633779108,3802674649,0.96346,0.96346,345319.6,0.0,0.0,633779108,0
19193700,0x7cA00559B978CFde81297849be6151d3ccB408A9,yvCurve-USDC-crvUSD-f,633779108,633779108,0.961897,0.961897,517855.549926,33324.890236,29868.587942,633779108,0,0xd901DCf4948a29d7D9D7E015AAF61591825AC267,yvCurve-mkUSD-crvUSD-f,633779108,9506686623,0.99796,0.99796,345199.6,9690.652522,7935.869699,779421547,0,0x241AdD131B9aaa7527132b752252b99420937ADc,yvCurve-USDT-crvUSD-f,2233623749,5704011974,0.902721,0.902721,1008977.646105,420186.499451,375470.591282,2255192044,0,0x8176b059BD8f63aeB7e20282b12D243b4626E2AE,yvCurve-FRAX-crvUSD-f,633779108,3802674649,0.96346,0.96346,345319.6,0.0,0.0,633779108,0
19194900,0x7cA00559B978CFde81297849be6151d3ccB408A9,yvCurve-USDC-crvUSD-f,633779108,633779108,0.961897,0.961897,517855.549926,33324.890236,29868.587942,633779108,0,0xd901DCf4948a29d7D9D7E015AAF61591825AC267,yvCurve-mkUSD-crvUSD-f,633779108,9506686623,0.99796,0.99796,345199.6,9690.652522,7935.869699,779421547,0,0x241AdD131B9aaa7527132b752252b99420937ADc,yvCurve-USDT-crvUSD-f,2233623749,5704011974,0.902721,0.902721,1008977.646105,420186.499451,375470.591282,2255192044,0,0x8176b059BD8f63aeB7e20282b12D243b4626E2AE,yvCurve-FRAX-crvUSD-f,633779108,3802674649,0.96346,0.96346,345319.6,0.0,0.0,633779108,0
19196100,0x7cA00559B978CFde81297849be6151d3ccB408A9,yvCurve-USDC-crvUSD-f,633779108,633779108,0.961897,0.961897,517855.549926,33324.890236,29868.587942,633779108,0,0xd901DCf4948a29d7D9D7E015AAF61591825AC267,yvCurve-mkUSD-crvUSD-f,633779108,9506686623,0.99796,0.99796,345199.6,9690.652522,7935.869699,779421547,0,0x241AdD131B9aaa7527132b752252b99420937ADc,yvCurve-USDT-crvUSD-f,2233623749,5704011974,0.902721,0.902721,1008977.646105,420186.499451,375470.591282,2255192044,0,0x8176b059BD8f63aeB7e20282b12D243b4626E2AE,yvCurve-FRAX-crvUSD-f,633779108,3802674649,0.96346,0.96346,345319.6,0.0,0.0,633779108,0
19197300,0x7cA00559B978CFde81297849be6151d3ccB408A9,yvCurve-USDC-crvUSD-f,633779108,633779108,0.961897,0.961897,517855.549926,33324.890236,29868.587942,633779108,0,0xd901DCf4948a29d7D9D7E015AAF61591825AC267,yvCurve-mkUSD-crvUSD-f,633779108,9506686623,0.99796,0.99796,345199.6,9690.652522,7935.869699,779421547,0,0x241AdD131B9aaa7527132b752252b99420937ADc,yvCurve-USDT-crvUSD-f,2233623749,5704011974,0.902721,0.902721,1008977.646105,420186.499451,375470.591282,2255192044,0,0x8176b059BD8f63aeB7e20282b12D243b4626E2AE,yvCurve-FRAX-crvUSD-f,633779108,3802674649,0.96346,0.96346,345319.6,0.0,0.0,633779108,0
19198500,0x7cA00559B978CFde81297849be6151d3ccB408A9,yvCurve-USDC-crvUSD-f,633779108,633779108,0.961897,0.961897,517855.549926,33324.890236,29868.587942,633779108,0,0xd901DCf4948a29d7D9D7E015AAF61591825AC267,yvCurve-mkUSD-crvUSD-f,633779108,9506686623,0.99796,0.99796,345199.6,9690.652522,7935.869699,779421547,0,0x241AdD131B9aaa7527132b752252b99420937ADc,yvCurve-USDT-crvUSD-f,2233623749,5704011974,0.902721,0.902721,1008977.646105,420186.499451,375470.591282,2255192044,0,0x8176b059BD8f63aeB7e20282b12D243b4626E2AE,yvCurve-FRAX-crvUSD-f,633779108,3802674649,0.96346,0.96346,345319.6,0.0,0.0,633779108,0
19199700,0x7cA00559B978CFde81297849be6151d3ccB408A9,yvCurve-USDC-crvUSD-f,633779108,633779108,0.961897,0.961897,517855.549926,33324.890236,29868.587942,633779108,0,0xd901DCf4948a29d7D9D7E015AAF61591825AC267,yvCurve-mkUSD-crvUSD-f,633779108,9506686623,0.99796,0.99796,345199.6,9690.652522,7935.869699,779421547,0,0x241AdD131B9aaa7527132b752252b99420937ADc,yvCurve-USDT-crvUSD-f,2233623749,5704011974,0.902721,0.902721,1008977.646105,420186.499451,375470.591282,2255192044,0,0x8176b059BD8f63aeB7e20282b12D243b4626E2AE,yvCurve-FRAX-crvUSD-f,633779108,3802674649,0.96346,0.96346,345319.6,0.0,0.0,633779108,0
19200900,0x7cA00559B978CFde81297849be6151d3ccB408A9,yvCurve-USDC-crvUSD-f,633779108,633779108,0.961897,0.961897,517855.549926,33324.890236,29868.587942,633779108,0,0xd901DCf4948a29d7D9D7E015AAF61591825AC267,yvCurve-mkUSD-crvUSD-f,633779108,9506686623,0.99796,0.99796,345199.6,9690.652522,7935.869699,779421547,0,0x241AdD131B9aaa7527132b752252b99420937ADc,yvCurve-USDT-crvUSD-f,2233623749,5704011974,0.902721,0.902721,1008977.646105,420186.499451,375470.591282,2255192044,0,0x8176b059BD8f63aeB7e20282b12D243b4626E2AE,yvCurve-FRAX-crvUSD-f,633779108,3802674649,0.96346,0.96346,345319.6,0.0,0.0,633779108,0
19202100,0x7cA00559B978CFde81297849be6151d3ccB408A9,yvCurve-USDC-crvUSD-f,633779108,633779108,0.961897,0.961897,517855.549926,33324.890236,29868.587942,633779108,0,0xd901DCf4948a29d7D9D7E015AAF61591825AC267,yvCurve-mkUSD-crvUSD-f,633779108,9506686623,0.99796,0.99796,345199.6,9690.652522,7935.869699,779421547,0,0x241AdD131B9aaa7527132b752252b99420937ADc,yvCurve-USDT-crvUSD-f,2233623749,5704011974,0.902721,0.902721,1008977.646105,420186.499451,375470.591282,2255192044,0,0x8176b059BD8f63aeB7e20282b12D243b4626E2AE,yvCurve-FRAX-crvUSD-f,633779108,3802674649,0.96346,0.96346,345319.6,0.0,0.0,633779108,0
19203300,0x7cA00559B978CFde81297849be6151d3ccB408A9,yvCurve-USDC-crvUSD-f,633779108,633779108,0.961897,0.961897,517855.549926,33324.890236,29868.587942,633779108,0,0xd901DCf4948a29d7D9D7E015AAF61591825AC267,yvCurve-mkUSD-crvUSD-f,633779108,9506686623,0.99796,0.99796,345199.6,9690.652522,7935.869699,779421547,0,0x241AdD131B9aaa7527132b752252b99420937ADc,yvCurve-USDT-crvUSD-f,2233623749,5704011974,0.902721,0.902721,1008977.646105,420186.499451,375470.591282,2255192044,0,0x8176b059BD8f63aeB7e20282b12D243b4626E2AE,yvCurve-FRAX-crvUSD-f,633779108,3802674649,0.96346,0.96346,345319.6,0.0,0.0,633779108,0
19204500,0x7cA00559B978CFde81297849be6151d3ccB408A9,yvCurve-USDC-crvUSD-f,633779108,633779108,0.961897,0.961897,517855.549926,33324.890236,29868.587942,633779108,0,0xd901DCf4948a29d7D9D7E015AAF61591825AC267,yvCurve-mkUSD-crvUSD-f,633779108,9506686623,0.99796,0.99796,345199.6,9690.652522,7935.869699,779421547,0,0x241AdD131B9aaa7527132b752252b99420937ADc,yvCurve-USDT-crvUSD-f,2233623749,5704011974,0.902721,0.902721,1008977.646105,420186.499451,375470.591282,2255192044,0,0x8176b059BD8f63aeB7e20282b12D243b4626E2AE,yvCurve-FRAX-crvUSD-f,633779108,3802674649,0.96346,0.96346,345319.6,0.0,0.0,633779108,0
19205700,0x7cA00559B978CFde81297849be6151d3ccB408A9,yvCurve-USDC-crvUSD-f,633779108,633779108,0.961897,0.961897,517855.549926,33324.890236,29868.587942,633779108,0,0xd901DCf4948a29d7D9D7E015AAF61591825AC267,yvCurve-mkUSD-crvUSD-f,633779108,9506686623,0.99796,0.99796,345199.6,9690.652522,7935.869699,779421547,0,0x241AdD131B9aaa7527132b752252b99420937ADc,yvCurve-USDT-crvUSD-f,2233623749,5704011974,0.902721,0.902721,1008977.646105,420186.499451,375470.591282,2255192044,0,0x8176b059BD8f63aeB7e20282b12D243b4626E2AE,yvCurve-FRAX-crvUSD-f,633779108,3802674649,0.96346,0.96346,345319.6,0.0,0.0,633779108,0
19206900,0x7cA00559B978CFde81297849be6151d3ccB408A9,yvCurve-USDC-crvUSD-f,633779108,633779108,0.961897,0.961897,517855.549926,33324.890236,29868.587942,633779108,0,0xd901DCf4948a29d7D9D7E015AAF61591825AC267,yvCurve-mkUSD-crvUSD-f,633779108,9506686623,0.99796,0.99796,345199.6,9690.652522,7935.869699,779421547,0,0x241AdD131B9aaa7527132b752252b99420937ADc,yvCurve-USDT-crvUSD-f,2233623749,5704011974,0.902721,0.902721,1008977.646105,420186.499451,375470.591282,2255192044,0,0x8176b059BD8f63aeB7e20282b12D243b4626E2AE,yvCurve-FRAX-crvUSD-f,633779108,3802674649,0.96346,0.96346,345319.6,0.0,0.0,633779108,0
19208100,0x7cA00559B978CFde81297849be6151d3ccB408A9,yvCurve-USDC-crvUSD-f,633779108,633779108,0.961897,0.961897,648029.397139,33324.890236,29883.965155,633779108,0,0xd901DCf4948a29d7D9D7E015AAF61591825AC267,yvCurve-mkUSD-crvUSD-f,779421547,9506686623,0.99796,0.99796,432392.882497,9690.652522,7939.072196,750140952,0,0x241AdD131B9aaa7527132b752252b99420937ADc,yvCurve-USDT-crvUSD-f,2255192044,5704011974,0.902721,0.902721,1264046.152911,420186.499451,376087.248087,1930142584,0,0x8176b059BD8f63aeB7e20282b12D243b4626E2AE,yvCurve-FRAX-crvUSD-f,633779108,3802674649,0.96346,0.96346,345319.6,0.0,0.0,633779108,0
19209300,0x7cA00559B978CFde81297849be6151d3ccB408A9,yvCurve-USDC-crvUSD-f,633779108,633779108,0.961897,0.961897,648029.397139,33324.890236,29883.965155,633779108,0,0xd901DCf4948a29d7D9D7E015AAF61591825AC267,yvCurve-mkUSD-crvUSD-f,779421547,9506686623,0.99796,0.99796,432392.882497,9690.652522,7939.072196,750140952,0,0x241AdD131B9aaa7527132b752252b99420937ADc,yvCurve-USDT-crvUSD-f,2255192044,5704011974,0.902721,0.902721,1264046.152911,420186.499451,376087.248087,1930142584,0,0x8176b059BD8f63aeB7e20282b12D243b4626E2AE,yvCurve-FRAX-crvUSD-f,633779108,3802674649,0.96346,0.96346,345319.6,0.0,0.0,633779108,0
19210500,0x7cA00559B978CFde81297849be6151d3ccB408A9,yvCurve-USDC-crvUSD-f,633779108,633779108,0.961897,0.961897,648029.397139,33324.890236,29883.965155,633779108,0,0xd901DCf4948a29d7D9D7E015AAF61591825AC267,yvCurve-mkUSD-crvUSD-f,779421547,9506686623,0.99796,0.99796,432392.882497,9690.652522,7939.072196,750140952,0,0x241AdD131B9aaa7527132b752252b99420937ADc,yvCurve-USDT-crvUSD-f,2255192044,5704011974,0.902721,0.902721,1264046.152911,420186.499451,376087.248087,1930142584,0,0x8176b059BD8f63aeB7e20282b12D243b4626E2AE,yvCurve-FRAX-crvUSD-f,633779108,3802674649,0.96346,0.96346,345319.6,0.0,0.0,633779108,0
19211700,0x7cA00559B978CFde81297849be6151d3ccB408A9,yvCurve-USDC-crvUSD-f,633779108,633779108,0.961897,0.961897,648029.397139,33324.890236,29883.965155,633779108,0,0xd901DCf4948a29d7D9D7E015AAF61591825AC267,yvCurve-mkUSD-crvUSD-f,779421547,9506686623,0.99796,0.99796,432392.882497,9690.652522,7939.072196,750140952,0,0x241AdD131B9aaa7527132b752252b99420937ADc,yvCurve-USDT-crvUSD-f,2255192044,5704011974,0.902721,0.902721,1264046.152911,420186.499451,376087.248087,1930142584,0,0x8176b059BD8f63aeB7e20282b12D243b4626E2AE,yvCurve-FRAX-crvUSD-f,633779108,3802674649,0.96346,0.96346,345319.6,0.0,0.0,633779108,0
19212900,0x7cA00559B978CFde81297849be6151d3ccB408A9,yvCurve-USDC-crvUSD-f,633779108,633779108,0.961897,0.961897,648029.397139,33324.890236,29883.965155,633779108,0,0xd901DCf4948a29d7D9D7E015AAF61591825AC267,yvCurve-mkUSD-crvUSD-f,779421547,9506686623,0.99796,0.99796,432392.882497,9690.652522,7939.072196,750140952,0,0x241AdD131B9aaa7527132b752252b99420937ADc,yvCurve-USDT-crvUSD-f,2255192044,5704011974,0.902721,0.902721,1264046.152911,420186.499451,376087.248087,1930142584,0,0x8176b059BD8f63aeB7e20282b12D243b4626E2AE,yvCurve-FRAX-crvUSD-f,633779108,3802674649,0.96346,0.96346,345319.6,0.0,0.0,633779108,0
19214100,0x7cA00559B978CFde81297849be6151d3ccB408A9,yvCurve-USDC-crvUSD-f,633779108,633779108,0.961897,0.961897,648029.397139,33324.890236,29883.965155,633779108,0,0xd901DCf4948a29d7D9D7E015AAF61591825AC267,yvCurve-mkUSD-crvUSD-f,779421547,9506686623,0.99796,0.99796,432392.882497,9690.652522,7939.072196,750140952,0,0x241AdD131B9aaa7527132b752252b99420937ADc,yvCurve-USDT-crvUSD-f,2255192044,5704011974,0.902721,0.902721,1264046.152911,420186.499451,376087.248087,1930142584,0,0x8176b059BD8f63aeB7e20282b12D243b4626E2AE,yvCurve-FRAX-crvUSD-f,633779108,3802674649,0.96346,0.96346,345319.6,0.0,0.0,633779108,0
19215300,0x7cA00559B978CFde81297849be6151d3ccB408A9,yvCurve-USDC-crvUSD-f,633779108,633779108,0.961897,0.961897,648029.397139,33324.890236,29883.965155,633779108,0,0xd901DCf4948a29d7D9D7E015AAF61591825AC267,yvCurve-mkUSD-crvUSD-f,779421547,9506686623,0.99796,0.99796,432392.882497,9690.652522,7939.072196,750140952,0,0x241AdD131B9aaa7527132b752252b99420937ADc,yvCurve-USDT-crvUSD-f,2255192044,5704011974,0.902721,0.902721,1264046.152911,420186.499451,376087.248087,1930142584,0,0x8176b059BD8f63aeB7e20282b12D243b4626E2AE,yvCurve-FRAX-crvUSD-f,633779108,3802674649,0.96346,0.96346,345319.6,0.0,0.0,633779108,0
19216500,0x7cA00559B978CFde81297849be6151d3ccB408A9,yvCurve-USDC-crvUSD-f,633779108,633779108,0.961897,0.961897,648029.397139,33324.890236,29883.965155,633779108,0,0xd901DCf4948a29d7D9D7E015AAF61591825AC267,yvCurve-mkUSD-crvUSD-f,779421547,9506686623,0.99796,0.99796,432392.882497,9690.652522,7939.072196,750140952,0,0x241AdD131B9aaa7527132b752252b99420937ADc,yvCurve-USDT-crvUSD-f,2255192044,5704011974,0.902721,0.902721,1264046.152911,420186.499451,376087.248087,1930142584,0,0x8176b059BD8f63aeB7e20282b12D243b4626E2AE,yvCurve-FRAX-crvUSD-f,633779108,3802674649,0.96346,0.96346,345319.6,0.0,0.0,633779108,0
19217700,0x7cA00559B978CFde81297849be6151d3ccB408A9,yvCurve-USDC-crvUSD-f,633779108,633779108,0.961897,0.961897,648029.397139,33324.890236,29883.965155,633779108,0,0xd901DCf4948a29d7D9D7E015AAF61591825AC267,yvCurve-mkUSD-crvUSD-f,779421547,9506686623,0.99796,0.99796,432392.882497,9690.652522,7939.072196,750140952,0,0x241AdD131B9aaa7527132b752252b99420937ADc,yvCurve-USDT-crvUSD-f,2255192044,5704011974,0.902721,0.902721,1264046.152911,420186.499451,376087.248087,1930142584,0,0x8176b059BD8f63aeB7e20282b12D243b4626E2AE,yvCurve-FRAX-crvUSD-f,633779108,3802674649,0.96346,0.96346,345319.6,0.0,0.0,633779108,0
19218900,0x7cA00559B978CFde81297849be6151d3ccB408A9,yvCurve-USDC-crvUSD-f,633779108,633779108,0.961897,0.961897,648029.397139,33324.890236,29883.965155,633779108,0,0xd901DCf4948a29d7D9D7E015AAF61591825AC267,yvCurve-mkUSD-crvUSD-f,779421547,9506686623,0.99796,0.99796,432392.882497,9690.652522,7939.072196,750140952,0,0x241AdD131B9aaa7527132b752252b99420937ADc,yvCurve-USDT-crvUSD-f,2255192044,5704011974,0.902721,0.902721,1264046.152911,420186.499451,376087.248087,1930142584,0,0x8176b059BD8f63aeB7e20282b12D243b4626E2AE,yvCurve-FRAX-crvUSD-f,633779108,3802674649,0.96346,0.96346,345319.6,0.0,0.0,633779108,0
19220100,0x7cA00559B978CFde81297849be6151d3ccB408A9,yvCurve-USDC-crvUSD-f,633779108,633779108,0.961897,0.961897,648029.397139,33324.890236,29883.965155,633779108,0,0xd901DCf4948a29d7D9D7E015AAF61591825AC267,yvCurve-mkUSD-crvUSD-f,779421547,9506686623,0.99796,0.99796,432392.882497,9690.652522,7939.072196,750140952,0,0x241AdD131B9aaa7527132b752252b99420937ADc,yvCurve-USDT-crvUSD-f,2255192044,5704011974,0.902721,0.902721,1264046.152911,420186.499451,376087.248087,1930142584,0,0x8176b059BD8f63aeB7e20282b12D243b4626E2AE,yvCurve-FRAX-crvUSD-f,633779108,3802674649,0.96346,0.96346,345319.6,0.0,0.0,633779108,0
19221300,0x7cA00559B978CFde81297849be6151d3ccB408A9,yvCurve-USDC-crvUSD-f,633779108,633779108,0.961897,0.961897,648029.397139,33324.890236,29883.965155,633779108,0,0xd901DCf4948a29d7D9D7E015AAF61591825AC267,yvCurve-mkUSD-crvUSD-f,779421547,9506686623,0.99796,0.99796,432392.882497,9690.652522,7939.072196,750140952,0,0x241AdD131B9aaa7527132b752252b99420937ADc,yvCurve-USDT-crvUSD-f,2255192044,5704011974,0.902721,0.902721,1264046.152911,420186.499451,376087.248087,1930142584,0,0x8176b059BD8f63aeB7e20282b12D243b4626E2AE,yvCurve-FRAX-crvUSD-f,633779108,3802674649,0.96346,0.96346,345319.6,0.0,0.0,633779108,0
19222500,0x7cA00559B978CFde81297849be6151d3ccB408A9,yvCurve-USDC-crvUSD-f,633779108,633779108,0.961897,0.961897,648029.397139,33324.890236,29883.965155,633779108,0,0xd901DCf4948a29d7D9D7E015AAF61591825AC267,yvCurve-mkUSD-crvUSD-f,779421547,9506686623,0.99796,0.99796,432392.882497,9690.652522,7939.072196,750140952,0,0x241AdD131B9aaa7527132b752252b99420937ADc,yvCurve-USDT-crvUSD-f,2255192044,5704011974,0.902721,0.902721,1264046.152911,420186.499451,376087.248087,1930142584,0,0x8176b059BD8f63aeB7e20282b12D243b4626E2AE,yvCurve-FRAX-crvUSD-f,633779108,3802674649,0.96346,0.96346,345319.6,0.0,0.0,633779108,0
19223700,0x7cA00559B978CFde81297849be6151d3ccB408A9,yvCurve-USDC-crvUSD-f,633779108,633779108,0.961897,0.961897,648029.397139,33324.890236,29883.965155,633779108,0,0xd901DCf4948a29d7D9D7E015AAF61591825AC267,yvCurve-mkUSD-crvUSD-f,779421547,9506686623,0.99796,0.99796,432392.882497,9690.652522,7939.072196,750140952,0,0x241AdD131B9aaa7527132b752252b99420937ADc,yvCurve-USDT-crvUSD-f,2255192044,5704011974,0.902721,0.902721,1264046.152911,420186.499451,376087.248087,1930142584,0,0x8176b059BD8f63aeB7e20282b12D243b4626E2AE,yvCurve-FRAX-crvUSD-f,633779108,3802674649,0.96346,0.96346,345319.6,0.0,0.0,633779108,0
19224900,0x7cA00559B978CFde81297849be6151d3ccB408A9,yvCurve-USDC-crvUSD-f,633779108,633779108,0.961897,0.961897,648029.397139,33324.890236,29883.965155,633779108,0,0xd901DCf4948a29d7D9D7E015AAF61591825AC267,yvCurve-mkUSD-crvUSD-f,779421547,9506686623,0.99796,0.99796,432392.882497,9690.652522,7939.072196,750140952,0,0x241AdD131B9aaa7527132b752252b99420937ADc,yvCurve-USDT-crvUSD-f,2255192044,5704011974,0.902721,0.902721,1264046.152911,420186.499451,376087.248087,1930142584,0,0x8176b059BD8f63aeB7e20282b12D243b4626E2AE,yvCurve-FRAX-crvUSD-f,633779108,3802674649,0.96346,0.96346,345319.6,0.0,0.0,633779108,0
19226100,0x7cA00559B978CFde81297849be6151d3ccB408A9,yvCurve-USDC-crvUSD-f,633779108,633779108,0.961897,0.961897,648029.397139,33324.890236,29883.965155,633779108,0,0xd901DCf4948a29d7D9D7E015AAF61591825AC267,yvCurve-mkUSD-crvUSD-f,779421547,9506686623,0.99796,0.99796,432392.882497,9690.652522,7939.072196,750140952,0,0x241AdD131B9aaa7527132b752252b99420937ADc,yvCurve-USDT-crvUSD-f,2255192044,5704011974,0.902721,0.902721,1264046.152911,420186.499451,376087.248087,1930142584,0,0x8176b059BD8f63aeB7e20282b12D243b4626E2AE,yvCurve-FRAX-crvUSD-f,633779108,3802674649,0.96346,0.96346,345319.6,0.0,0.0,633779108,0
19227300,0x7cA00559B978CFde81297849be6151d3ccB408A9,yvCurve-USDC-crvUSD-f,633779108,633779108,0.961897,0.961897,648029.397139,33324.890236,29883.965155,633779108,0,0xd901DCf4948a29d7D9D7E015AAF61591825AC267,yvCurve-mkUSD-crvUSD-f,779421547,9506686623,0.99796,0.99796,432392.882497,9690.652522,7939.072196,750140952,0,0x241AdD131B9aaa7527132b752252b99420937ADc,yvCurve-USDT-crvUSD-f,2255192044,5704011974,0.902721,0.902721,1264046.152911,420186.499451,376087.248087,1930142584,0,0x8176b059BD8f63aeB7e20282b12D243b4626E2AE,yvCurve-FRAX-crvUSD-f,633779108,3802674649,0.96346,0.96346,345319.6,0.0,0.0,633779108,0
19228500,0x7cA00559B978CFde81297849be6151d3ccB408A9,yvCurve-USDC-crvUSD-f,633779108,633779108,0.961897,0.961897,648029.397139,33324.890236,29883.965155,633779108,0,0xd901DCf4948a29d7D9D7E015AAF61591825AC267,yvCurve-mkUSD-crvUSD-f,779421547,9506686623,0.99796,0.99796,432392.882497,9690.652522,7939.072196,750140952,0,0x241AdD131B9aaa7527132b752252b99420937ADc,yvCurve-USDT-crvUSD-f,2255192044,5704011974,0.902721,0.902721,1264046.152911,420186.499451,376087.248087,1930142584,0,0x8176b059BD8f63aeB7e20282b12D243b4626E2AE,yvCurve-FRAX-crvUSD-f,633779108,3802674649,0.96346,0.96346,345319.6,0.0,0.0,633779108,0
19229700,0x7cA00559B978CFde81297849be6151d3ccB408A9,yvCurve-USDC-crvUSD-f,633779108,633779108,0.961897,0.961897,648029.397139,33324.890236,29883.965155,633779108,0,0xd901DCf4948a29d7D9D7E015AAF61591825AC267,yvCurve-mkUSD-crvUSD-f,779421547,9506686623,0.99796,0.99796,432392.882497,9690.652522,7939.072196,750140952,0,0x241AdD131B9aaa7527132b752252b99420937ADc,yvCurve-USDT-crvUSD-f,2255192044,5704011974,0.902721,0.902721,1264046.152911,420186.499451,376087.248087,1930142584,0,0x8176b059BD8f63aeB7e20282b12D243b4626E2AE,yvCurve-FRAX-crvUSD-f,633779108,3802674649,0.96346,0.96346,345319.6,0.0,0.0,633779108,0
19230900,0x7cA00559B978CFde81297849be6151d3ccB408A9,yvCurve-USDC-crvUSD-f,633779108,633779108,0.961897,0.961897,648029.397139,33324.890236,29883.965155,633779108,0,0xd901DCf4948a29d7D9D7E015AAF61591825AC267,yvCurve-mkUSD-crvUSD-f,779421547,9506686623,0.99796,0.99796,432392.882497,9690.652522,7939.072196,750140952,0,0x241AdD131B9aaa7527132b752252b99420937ADc,yvCurve-USDT-crvUSD-f,2255192044,5704011974,0.902721,0.902721,1264046.152911,420186.499451,376087.248087,1930142584,0,0x8176b059BD8f63aeB7e20282b12D243b4626E2AE,yvCurve-FRAX-crvUSD-f,633779108,3802674649,0.96346,0.96346,345319.6,0.0,0.0,633779108,0
19232100,0x7cA00559B978CFde81297849be6151d3ccB408A9,yvCurve-USDC-crvUSD-f,633779108,633779108,0.961897,0.961897,648029.397139,33324.890236,29883.965155,633779108,0,0xd901DCf4948a29d7D9D7E015AAF61591825AC267,yvCurve-mkUSD-crvUSD-f,779421547,9506686623,0.99796,0.99796,432392.882497,9690.652522,7939.072196,750140952,0,0x241AdD131B9aaa7527132b752252b99420937ADc,yvCurve-USDT-crvUSD-f,2255192044,5704011974,0.902721,0.902721,1264046.152911,420186.499451,376087.248087,1930142584,0,0x8176b059BD8f63aeB7e20282b12D243b4626E2AE,yvCurve-FRAX-crvUSD-f,633779108,3802674649,0.96346,0.96346,345319.6,0.0,0.0,633779108,0
19233300,0x7cA00559B978CFde81297849be6151d3ccB408A9,yvCurve-USDC-crvUSD-f,633779108,633779108,0.961897,0.961897,648029.397139,33324.890236,29883.965155,633779108,0,0xd901DCf4948a29d7D9D7E015AAF61591825AC267,yvCurve-mkUSD-crvUSD-f,779421547,9506686623,0.99796,0.99796,432392.882497,9690.652522,7939.072196,750140952,0,0x241AdD131B9aaa7527132b752252b99420937ADc,yvCurve-USDT-crvUSD-f,2255192044,5704011974,0.902721,0.902721,1264046.152911,420186.499451,376087.248087,1930142584,0,0x8176b059BD8f63aeB7e20282b12D243b4626E2AE,yvCurve-FRAX-crvUSD-f,633779108,3802674649,0.96346,0.96346,345319.6,0.0,0.0,633779108,0
19234500,0x7cA00559B978CFde81297849be6151d3ccB408A9,yvCurve-USDC-crvUSD-f,633779108,633779108,0.961897,0.961897,648029.397139,33324.890236,29883.965155,633779108,0,0xd901DCf4948a29d7D9D7E015AAF61591825AC267,yvCurve-mkUSD-crvUSD-f,779421547,9506686623,0.99796,0.99796,432392.882497,9690.652522,7939.072196,750140952,0,0x241AdD131B9aaa7527132b752252b99420937ADc,yvCurve-USDT-crvUSD-f,2255192044,5704011974,0.902721,0.902721,1264046.152911,420186.499451,376087.248087,1930142584,0,0x8176b059BD8f63aeB7e20282b12D243b4626E2AE,yvCurve-FRAX-crvUSD-f,633779108,3802674649,0.96346,0.96346,345319.6,0.0,0.0,633779108,0
19235700,0x7cA00559B978CFde81297849be6151d3ccB408A9,yvCurve-USDC-crvUSD-f,633779108,633779108,0.961897,0.961897,648029.397139,33324.890236,29883.965155,633779108,0,0xd901DCf4948a29d7D9D7E015AAF61591825AC267,yvCurve-mkUSD-crvUSD-f,779421547,9506686623,0.99796,0.99796,432392.882497,9690.652522,7939.072196,750140952,0,0x241AdD131B9aaa7527132b752252b99420937ADc,yvCurve-USDT-crvUSD-f,2255192044,5704011974,0.902721,0.902721,1264046.152911,420186.499451,376087.248087,1930142584,0,0x8176b059BD8f63aeB7e20282b12D243b4626E2AE,yvCurve-FRAX-crvUSD-f,633779108,3802674649,0.96346,0.96346,345319.6,0.0,0.0,633779108,0
19236900,0x7cA00559B978CFde81297849be6151d3ccB408A9,yvCurve-USDC-crvUSD-f,633779108,633779108,0.961897,0.961897,648029.397139,33324.890236,29883.965155,633779108,0,0xd901DCf4948a29d7D9D7E015AAF61591825AC267,yvCurve-mkUSD-crvUSD-f,779421547,9506686623,0.99796,0.99796,432392.882497,9690.652522,7939.072196,750140952,0,0x241AdD131B9aaa7527132b752252b99420937ADc,yvCurve-USDT-crvUSD-f,2255192044,5704011974,0.902721,0.902721,1264046.152911,420186.499451,376087.248087,1930142584,0,0x8176b059BD8f63aeB7e20282b12D243b4626E2AE,yvCurve-FRAX-crvUSD-f,633779108,3802674649,0.96346,0.96346,345319.6,0.0,0.0,633779108,0
19238100,0x7cA00559B978CFde81297849be6151d3ccB408A9,yvCurve-USDC-crvUSD-f,633779108,633779108,0.961897,0.961897,648029.397139,33324.890236,29883.965155,633779108,0,0xd901DCf4948a29d7D9D7E015AAF61591825AC267,yvCurve-mkUSD-crvUSD-f,779421547,9506686623,0.99796,0.99796,432392.882497,9690.652522,7939.072196,750140952,0,0x241AdD131B9aaa7527132b752252b99420937ADc,yvCurve-USDT-crvUSD-f,1930142584,5704011974,0.901271,0.901271,1264307.137913,381471.644642,340302.513041,1806571503,0,0x8176b059BD8f63aeB7e20282b12D243b4626E2AE,yvCurve-FRAX-crvUSD-f,633779108,3802674649,0.96346,0.96346,345319.6,0.0,0.0,633779108,0
19239300,0x7cA00559B978CFde81297849be6151d3ccB408A9,yvCurve-USDC-crvUSD-f,633779108,633779108,0.961897,0.961897,648029.397139,33324.890236,29883.965155,633779108,0,0xd901DCf4948a29d7D9D7E015AAF61591825AC267,yvCurve-mkUSD-crvUSD-f,779421547,9506686623,0.99796,0.99796,432392.882497,9690.652522,7939.072196,750140952,0,0x241AdD131B9aaa7527132b752252b99420937ADc,yvCurve-USDT-crvUSD-f,1930142584,5704011974,0.901271,0.901271,1264307.137913,381471.644642,340302.513041,1806571503,0,0x8176b059BD8f63aeB7e20282b12D243b4626E2AE,yvCurve-FRAX-crvUSD-f,633779108,3802674649,0.96346,0.96346,345319.6,0.0,0.0,633779108,0
19240500,0x7cA00559B978CFde81297849be6151d3ccB408A9,yvCurve-USDC-crvUSD-f,633779108,633779108,0.961897,0.961897,648029.397139,33324.890236,29883.965155,633779108,0,0xd901DCf4948a29d7D9D7E015AAF61591825AC267,yvCurve-mkUSD-crvUSD-f,779421547,9506686623,0.99796,0.99796,432392.882497,9690.652522,7939.072196,750140952,0,0x241AdD131B9aaa7527132b752252b99420937ADc,yvCurve-USDT-crvUSD-f,1930142584,5704011974,0.901271,0.901271,1264307.137913,381471.644642,340302.513041,1806571503,0,0x8176b059BD8f63aeB7e20282b12D243b4626E2AE,yvCurve-FRAX-crvUSD-f,633779108,3802674649,0.96346,0.96346,345319.6,0.0,0.0,633779108,0
19241700,0x7cA00559B978CFde81297849be6151d3ccB408A9,yvCurve-USDC-crvUSD-f,633779108,633779108,0.961897,0.961897,648029.397139,33324.890236,29883.965155,633779108,0,0xd901DCf4948a29d7D9D7E015AAF61591825AC267,yvCurve-mkUSD-crvUSD-f,779421547,9506686623,0.99796,0.99796,432392.882497,9690.652522,7939.072196,750140952,0,0x241AdD131B9aaa7527132b752252b99420937ADc,yvCurve-USDT-crvUSD-f,1930142584,5704011974,0.901271,0.901271,1264307.137913,381471.644642,340302.513041,1806571503,0,0x8176b059BD8f63aeB7e20282b12D243b4626E2AE,yvCurve-FRAX-crvUSD-f,633779108,3802674649,0.96346,0.96346,345319.6,0.0,0.0,633779108,0
19242900,0x7cA00559B978CFde81297849be6151d3ccB408A9,yvCurve-USDC-crvUSD-f,633779108,633779108,0.961897,0.961897,648029.397139,33324.890236,29883.965155,633779108,0,0xd901DCf4948a29d7D9D7E015AAF61591825AC267,yvCurve-mkUSD-crvUSD-f,779421547,9506686623,0.99796,0.99796,432392.882497,9690.652522,7939.072196,750140952,0,0x241AdD131B9aaa7527132b752252b99420937ADc,yvCurve-USDT-crvUSD-f,1930142584,5704011974,0.901271,0.901271,1264307.137913,381471.644642,340302.513041,1806571503,0,0x8176b059BD8f63aeB7e20282b12D243b4626E2AE,yvCurve-FRAX-crvUSD-f,633779108,3802674649,0.96346,0.96346,345319.6,0.0,0.0,633779108,0
19244100,0x7cA00559B978CFde81297849be6151d3ccB408A9,yvCurve-USDC-crvUSD-f,633779108,633779108,0.961897,0.961897,648029.397139,33324.890236,29883.965155,633779108,0,0xd901DCf4948a29d7D9D7E015AAF61591825AC267,yvCurve-mkUSD-crvUSD-f,779421547,9506686623,0.99796,0.99796,432392.882497,9690.652522,7939.072196,750140952,0,0x241AdD131B9aaa7527132b752252b99420937ADc,yvCurve-USDT-crvUSD-f,1806571503,5704011974,0.901082,0.901082,1264348.709392,354210.917617,313118.476283,1712847456,0,0x8176b059BD8f63aeB7e20282b12D243b4626E2AE,yvCurve-FRAX-crvUSD-f,633779108,3802674649,0.96346,0.96346,345319.6,0.0,0.0,633779108,0
19245300,0x7cA00559B978CFde81297849be6151d3ccB408A9,yvCurve-USDC-crvUSD-f,633779108,633779108,0.961897,0.961897,648029.397139,33324.890236,29883.965155,633779108,0,0xd901DCf4948a29d7D9D7E015AAF61591825AC267,yvCurve-mkUSD-crvUSD-f,779421547,9506686623,0.99796,0.99796,432392.882497,9690.652522,7939.072196,750140952,0,0x241AdD131B9aaa7527132b752252b99420937ADc,yvCurve-USDT-crvUSD-f,1806571503,5704011974,0.901082,0.901082,1264348.709392,354210.917617,313118.476283,1712847456,0,0x8176b059BD8f63aeB7e20282b12D243b4626E2AE,yvCurve-FRAX-crvUSD-f,633779108,3802674649,0.96346,0.96346,345319.6,0.0,0.0,633779108,0
19246500,0x7cA00559B978CFde81297849be6151d3ccB408A9,yvCurve-USDC-crvUSD-f,633779108,633779108,0.961897,0.961897,648029.397139,33324.890236,29883.965155,633779108,0,0xd901DCf4948a29d7D9D7E015AAF61591825AC267,yvCurve-mkUSD-crvUSD-f,779421547,9506686623,0.99796,0.99796,432392.882497,9690.652522,7939.072196,750140952,0,0x241AdD131B9aaa7527132b752252b99420937ADc,yvCurve-USDT-crvUSD-f,1806571503,5704011974,0.901082,0.901082,1264348.709392,354210.917617,313118.476283,1712847456,0,0x8176b059BD8f63aeB7e20282b12D243b4626E2AE,yvCurve-FRAX-crvUSD-f,633779108,3802674649,0.96346,0.96346,345319.6,0.0,0.0,633779108,0
19247700,0x7cA00559B978CFde81297849be6151d3ccB408A9,yvCurve-USDC-crvUSD-f,633779108,633779108,0.961897,0.961897,648029.397139,33324.890236,29883.965155,633779108,0,0xd901DCf4948a29d7D9D7E015AAF61591825AC267,yvCurve-mkUSD-crvUSD-f,779421547,9506686623,0.99796,0.99796,432392.882497,9690.652522,7939.072196,750140952,0,0x241AdD131B9aaa7527132b752252b99420937ADc,yvCurve-USDT-crvUSD-f,1806571503,5704011974,0.901082,0.901082,1264348.709392,354210.917617,313118.476283,1712847456,0,0x8176b059BD8f63aeB7e20282b12D243b4626E2AE,yvCurve-FRAX-crvUSD-f,633779108,3802674649,0.96346,0.96346,345319.6,0.0,0.0,633779108,0
19248900,0x7cA00559B978CFde81297849be6151d3ccB408A9,yvCurve-USDC-crvUSD-f,633779108,633779108,0.961897,0.961897,648029.397139,33324.890236,29883.965155,633779108,0,0xd901DCf4948a29d7D9D7E015AAF61591825AC267,yvCurve-mkUSD-crvUSD-f,779421547,9506686623,0.99796,0.99796,432392.882497,9690.652522,7939.072196,750140952,0,0x241AdD131B9aaa7527132b752252b99420937ADc,yvCurve-USDT-crvUSD-f,1806571503,5704011974,0.901082,0.901082,1264348.709392,354210.917617,313118.476283,1712847456,0,0x8176b059BD8f63aeB7e20282b12D243b4626E2AE,yvCurve-FRAX-crvUSD-f,633779108,3802674649,0.96346,0.96346,345319.6,0.0,0.0,633779108,0
19250100,0x7cA00559B978CFde81297849be6151d3ccB408A9,yvCurve-USDC-crvUSD-f,633779108,633779108,0.961897,0.961897,648029.397139,33324.890236,29883.965155,633779108,0,0xd901DCf4948a29d7D9D7E015AAF61591825AC267,yvCurve-mkUSD-crvUSD-f,779421547,9506686623,0.99796,0.99796,432392.882497,9690.652522,7939.072196,750140952,0,0x241AdD131B9aaa7527132b752252b99420937ADc,yvCurve-USDT-crvUSD-f,1806571503,5704011974,0.901082,0.901082,1264348.709392,354210.917617,313118.476283,1712847456,0,0x8176b059BD8f63aeB7e20282b12D243b4626E2AE,yvCurve-FRAX-crvUSD-f,633779108,3802674649,0.96346,0.96346,345319.6,0.0,0.0,633779108,0
19251300,0x7cA00559B978CFde81297849be6151d3ccB408A9,yvCurve-USDC-crvUSD-f,633779108,633779108,0.961897,0.961897,648029.397139,33324.890236,29883.965155,633779108,0,0xd901DCf4948a29d7D9D7E015AAF61591825AC267,yvCurve-mkUSD-crvUSD-f,779421547,9506686623,0.99796,0.99796,432392.882497,9690.652522,7939.072196,750140952,0,0x241AdD131B9aaa7527132b752252b99420937ADc,yvCurve-USDT-crvUSD-f,1806571503,5704011974,0.901082,0.901082,1264348.709392,354210.917617,313118.476283,1712847456,0,0x8176b059BD8f63aeB7e20282b12D243b4626E2AE,yvCurve-FRAX-crvUSD-f,633779108,3802674649,0.96346,0.96346,345319.6,0.0,0.0,633779108,0
19252500,0x7cA00559B978CFde81297849be6151d3ccB408A9,yvCurve-USDC-crvUSD-f,633779108,633779108,0.961897,0.961897,648029.397139,33324.890236,29883.965155,633779108,0,0xd901DCf4948a29d7D9D7E015AAF61591825AC267,yvCurve-mkUSD-crvUSD-f,779421547,9506686623,0.99796,0.99796,432392.882497,9690.652522,7939.072196,750140952,0,0x241AdD131B9aaa7527132b752252b99420937ADc,yvCurve-USDT-crvUSD-f,1806571503,5704011974,0.901082,0.901082,1264348.709392,354210.917617,313118.476283,1712847456,0,0x8176b059BD8f63aeB7e20282b12D243b4626E2AE,yvCurve-FRAX-crvUSD-f,633779108,3802674649,0.96346,0.96346,345319.6,0.0,0.0,633779108,0
19253700,0x7cA00559B978CFde81297849be6151d3ccB408A9,yvCurve-USDC-crvUSD-f,633779108,633779108,0.961897,0.961897,648029.397139,33324.890236,29883.965155,633779108,0,0xd901DCf4948a29d7D9D7E015AAF61591825AC267,yvCurve-mkUSD-crvUSD-f,779421547,9506686623,0.99796,0.99796,432392.882497,9690.652522,7939.072196,750140952,0,0x241AdD131B9aaa7527132b752252b99420937ADc,yvCurve-USDT-crvUSD-f,1806571503,5704011974,0.901082,0.901082,1264348.709392,354210.917617,313118.476283,1712847456,0,0x8176b059BD8f63aeB7e20282b12D243b4626E2AE,yvCurve-FRAX-crvUSD-f,633779108,3802674649,0.96346,0.96346,345319.6,0.0,0.0,633779108,0
19254900,0x7cA00559B978CFde81297849be6151d3ccB408A9,yvCurve-USDC-crvUSD-f,633779108,633779108,0.961897,0.961897,648029.397139,33324.890236,29883.965155,633779108,0,0xd901DCf4948a29d7D9D7E015AAF61591825AC267,yvCurve-mkUSD-crvUSD-f,779421547,9506686623,0.99796,0.99796,432392.882497,9690.652522,7939.072196,750140952,0,0x241AdD131B9aaa7527132b752252b99420937ADc,yvCurve-USDT-crvUSD-f,1806571503,5704011974,0.901082,0.901082,1264348.709392,354210.917617,313118.476283,1712847456,0,0x8176b059BD8f63aeB7e20282b12D243b4626E2AE,yvCurve-FRAX-crvUSD-f,633779108,3802674649,0.96346,0.96346,345319.6,0.0,0.0,633779108,0
19256100,0x7cA00559B978CFde81297849be6151d3ccB408A9,yvCurve-USDC-crvUSD-f,633779108,633779108,0.961897,0.961897,648029.397139,33324.890236,29883.965155,633779108,0,0xd901DCf4948a29d7D9D7E015AAF61591825AC267,yvCurve-mkUSD-crvUSD-f,779421547,9506686623,0.99796,0.99796,432392.882497,9690.652522,7939.072196,750140952,0,0x241AdD131B9aaa7527132b752252b99420937ADc,yvCurve-USDT-crvUSD-f,1806571503,5704011974,0.901082,0.901082,1264348.709392,354210.917617,313118.476283,1712847456,0,0x8176b059BD8f63aeB7e20282b12D243b4626E2AE,yvCurve-FRAX-crvUSD-f,633779108,3802674649,0.96346,0.96346,345319.6,0.0,0.0,633779108,0
19257300,0x7cA00559B978CFde81297849be6151d3ccB408A9,yvCurve-USDC-crvUSD-f,633779108,633779108,0.961897,0.961897,648029.397139,33324.890236,29883.965155,633779108,0,0xd901DCf4948a29d7D9D7E015AAF61591825AC267,yvCurve-mkUSD-crvUSD-f,779421547,9506686623,0.99796,0.99796,432392.882497,9690.652522,7939.072196,750140952,0,0x241AdD131B9aaa7527132b752252b99420937ADc,yvCurve-USDT-crvUSD-f,1806571503,5704011974,0.901082,0.901082,1264348.709392,354210.917617,313118.476283,1712847456,0,0x8176b059BD8f63aeB7e20282b12D243b4626E2AE,yvCurve-FRAX-crvUSD-f,633779108,3802674649,0.96346,0.96346,345319.6,0.0,0.0,633779108,0
19258500,0x7cA00559B978CFde81297849be6151d3ccB408A9,yvCurve-USDC-crvUSD-f,633779108,633779108,0.961897,0.961897,648029.397139,33324.890236,29883.965155,633779108,0,0xd901DCf4948a29d7D9D7E015AAF61591825AC267,yvCurve-mkUSD-crvUSD-f,779421547,9506686623,0.99796,0.99796,432392.882497,9690.652522,7939.072196,750140952,0,0x241AdD131B9aaa7527132b752252b99420937ADc,yvCurve-USDT-crvUSD-f,1806571503,5704011974,0.901082,0.901082,1264348.709392,354210.917617,313118.476283,1712847456,0,0x8176b059BD8f63aeB7e20282b12D243b4626E2AE,yvCurve-FRAX-crvUSD-f,633779108,3802674649,0.96346,0.96346,345319.6,0.0,0.0,633779108,0
19259700,0x7cA00559B978CFde81297849be6151d3ccB408A9,yvCurve-USDC-crvUSD-f,633779108,633779108,0.961897,0.961897,648029.397139,33324.890236,29883.965155,633779108,0,0xd901DCf4948a29d7D9D7E015AAF61591825AC267,yvCurve-mkUSD-crvUSD-f,750140952,9506686623,0.997843,0.997843,432396.608758,113447.852999,89692.798456,1948427111,0,0x241AdD131B9aaa7527132b752252b99420937ADc,yvCurve-USDT-crvUSD-f,1806571503,5704011974,0.901082,0.901082,1264348.709392,354210.917617,313118.476283,1712847456,0,0x8176b059BD8f63aeB7e20282b12D243b4626E2AE,yvCurve-FRAX-crvUSD-f,633779108,3802674649,0.96346,0.96346,345319.6,0.0,0.0,633779108,0
19260900,0x7cA00559B978CFde81297849be6151d3ccB408A9,yvCurve-USDC-crvUSD-f,633779108,633779108,0.961897,0.961897,648029.397139,33324.890236,29883.965155,633779108,0,0xd901DCf4948a29d7D9D7E015AAF61591825AC267,yvCurve-mkUSD-crvUSD-f,750140952,9506686623,0.997843,0.997843,432396.608758,113447.852999,89692.798456,1948427111,0,0x241AdD131B9aaa7527132b752252b99420937ADc,yvCurve-USDT-crvUSD-f,1806571503,5704011974,0.901082,0.901082,1264348.709392,354210.917617,313118.476283,1712847456,0,0x8176b059BD8f63aeB7e20282b12D243b4626E2AE,yvCurve-FRAX-crvUSD-f,633779108,3802674649,0.96346,0.96346,345319.6,0.0,0.0,633779108,0
19262100,0x7cA00559B978CFde81297849be6151d3ccB408A9,yvCurve-USDC-crvUSD-f,633779108,633779108,0.961897,0.961897,648029.397139,33324.890236,29883.965155,633779108,0,0xd901DCf4948a29d7D9D7E015AAF61591825AC267,yvCurve-mkUSD-crvUSD-f,750140952,9506686623,0.997843,0.997843,432396.608758,113447.852999,89692.798456,1948427111,0,0x241AdD131B9aaa7527132b752252b99420937ADc,yvCurve-USDT-crvUSD-f,1806571503,5704011974,0.901082,0.901082,1264348.709392,354210.917617,313118.476283,1712847456,0,0x8176b059BD8f63aeB7e20282b12D243b4626E2AE,yvCurve-FRAX-crvUSD-f,633779108,3802674649,0.96346,0.96346,345319.6,0.0,0.0,633779108,0
19263300,0x7cA00559B978CFde81297849be6151d3ccB408A9,yvCurve-USDC-crvUSD-f,633779108,633779108,0.961897,0.961897,648029.397139,33324.890236,29883.965155,633779108,0,0xd901DCf4948a29d7D9D7E015AAF61591825AC267,yvCurve-mkUSD-crvUSD-f,750140952,9506686623,0.997843,0.997843,432396.608758,113447.852999,89692.798456,1948427111,0,0x241AdD131B9aaa7527132b752252b99420937ADc,yvCurve-USDT-crvUSD-f,1806571503,5704011974,0.901082,0.901082,1264348.709392,354210.917617,313118.476283,1712847456,0,0x8176b059BD8f63aeB7e20282b12D243b4626E2AE,yvCurve-FRAX-crvUSD-f,633779108,3802674649,0.96346,0.96346,345319.6,0.0,0.0,633779108,0
19264500,0x7cA00559B978CFde81297849be6151d3ccB408A9,yvCurve-USDC-crvUSD-f,633779108,633779108,0.961897,0.961897,648029.397139,33324.890236,29883.965155,633779108,0,0xd901DCf4948a29d7D9D7E015AAF61591825AC267,yvCurve-mkUSD-crvUSD-f,750140952,9506686623,0.997843,0.997843,432396.608758,113447.852999,89692.798456,1948427111,0,0x241AdD131B9aaa7527132b752252b99420937ADc,yvCurve-USDT-crvUSD-f,1806571503,5704011974,0.901082,0.901082,1264348.709392,354210.917617,313118.476283,1712847456,0,0x8176b059BD8f63aeB7e20282b12D243b4626E2AE,yvCurve-FRAX-crvUSD-f,633779108,3802674649,0.96346,0.96346,345319.6,0.0,0.0,633779108,0
19265700,0x7cA00559B978CFde81297849be6151d3ccB408A9,yvCurve-USDC-crvUSD-f,633779108,633779108,0.961897,0.961897,831051.661307,33324.890236,29897.089322,633779108,0,0xd901DCf4948a29d7D9D7E015AAF61591825AC267,yvCurve-mkUSD-crvUSD-f,1948427111,9506686623,0.997843,0.997843,554532.32101,113447.852999,89704.550709,1658980193,0,0x241AdD131B9aaa7527132b752252b99420937ADc,yvCurve-USDT-crvUSD-f,1712847456,5704011974,0.901082,0.901082,1621307.067925,354210.917617,313261.024815,1475639780,0,0x8176b059BD8f63aeB7e20282b12D243b4626E2AE,yvCurve-FRAX-crvUSD-f,633779108,3802674649,0.96346,0.96346,345319.6,0.0,0.0,633779108,0
19266900,0x7cA00559B978CFde81297849be6151d3ccB408A9,yvCurve-USDC-crvUSD-f,633779108,633779108,0.961897,0.961897,831051.661307,33324.890236,29897.089322,633779108,0,0xd901DCf4948a29d7D9D7E015AAF61591825AC267,yvCurve-mkUSD-crvUSD-f,1948427111,9506686623,0.997843,0.997843,554532.32101,113447.852999,89704.550709,1658980193,0,0x241AdD131B9aaa7527132b752252b99420937ADc,yvCurve-USDT-crvUSD-f,1712847456,5704011974,0.901082,0.901082,1621307.067925,354210.917617,313261.024815,1475639780,0,0x8176b059BD8f63aeB7e20282b12D243b4626E2AE,yvCurve-FRAX-crvUSD-f,633779108,3802674649,0.96346,0.96346,345319.6,0.0,0.0,633779108,0
19268100,0x7cA00559B978CFde81297849be6151d3ccB408A9,yvCurve-USDC-crvUSD-f,633779108,633779108,0.961897,0.961897,831051.661307,33324.890236,29897.089322,633779108,0,0xd901DCf4948a29d7D9D7E015AAF61591825AC267,yvCurve-mkUSD-crvUSD-f,1948427111,9506686623,0.997843,0.997843,554532.32101,113447.852999,89704.550709,1658980193,0,0x241AdD131B9aaa7527132b752252b99420937ADc,yvCurve-USDT-crvUSD-f,1712847456,5704011974,0.901082,0.901082,1621307.067925,354210.917617,313261.024815,1475639780,0,0x8176b059BD8f63aeB7e20282b12D243b4626E2AE,yvCurve-FRAX-crvUSD-f,633779108,3802674649,0.96346,0.96346,345319.6,0.0,0.0,633779108,0
19269300,0x7cA00559B978CFde81297849be6151d3ccB408A9,yvCurve-USDC-crvUSD-f,633779108,633779108,0.961897,0.961897,831051.661307,33324.890236,29897.089322,633779108,0,0xd901DCf4948a29d7D9D7E015AAF61591825AC267,yvCurve-mkUSD-crvUSD-f,1948427111,9506686623,0.997843,0.997843,554532.32101,113447.852999,89704.550709,1658980193,0,0x241AdD131B9aaa7527132b752252b99420937ADc,yvCurve-USDT-crvUSD-f,1712847456,5704011974,0.901082,0.901082,1621307.067925,354210.917617,313261.024815,1475639780,0,0x8176b059BD8f63aeB7e20282b12D243b4626E2AE,yvCurve-FRAX-crvUSD-f,633779108,3802674649,0.96346,0.96346,345319.6,0.0,0.0,633779108,0
19270500,0x7cA00559B978CFde81297849be6151d3ccB408A9,yvCurve-USDC-crvUSD-f,633779108,633779108,0.961897,0.961897,831051.661307,33324.890236,29897.089322,633779108,0,0xd901DCf4948a29d7D9D7E015AAF61591825AC267,yvCurve-mkUSD-crvUSD-f,1948427111,9506686623,0.997843,0.997843,554532.32101,113447.852999,89704.550709,1658980193,0,0x241AdD131B9aaa7527132b752252b99420937ADc,yvCurve-USDT-crvUSD-f,1712847456,5704011974,0.901082,0.901082,1621307.067925,354210.917617,313261.024815,1475639780,0,0x8176b059BD8f63aeB7e20282b12D243b4626E2AE,yvCurve-FRAX-crvUSD-f,633779108,3802674649,0.96346,0.96346,345319.6,0.0,0.0,633779108,0
19271700,0x7cA00559B978CFde81297849be6151d3ccB408A9,yvCurve-USDC-crvUSD-f,633779108,633779108,0.961897,0.961897,831051.661307,33324.890236,29897.089322,633779108,0,0xd901DCf4948a29d7D9D7E015AAF61591825AC267,yvCurve-mkUSD-crvUSD-f,1948427111,9506686623,0.997843,0.997843,554532.32101,113447.852999,89704.550709,1658980193,0,0x241AdD131B9aaa7527132b752252b99420937ADc,yvCurve-USDT-crvUSD-f,1712847456,5704011974,0.901082,0.901082,1621307.067925,354210.917617,313261.024815,1475639780,0,0x8176b059BD8f63aeB7e20282b12D243b4626E2AE,yvCurve-FRAX-crvUSD-f,633779108,3802674649,0.96346,0.96346,345319.6,0.0,0.0,633779108,0
19272900,0x7cA00559B978CFde81297849be6151d3ccB408A9,yvCurve-USDC-crvUSD-f,633779108,633779108,0.961897,0.961897,831051.661307,33324.890236,29897.089322,633779108,0,0xd901DCf4948a29d7D9D7E015AAF61591825AC267,yvCurve-mkUSD-crvUSD-f,1658980193,9506686623,0.997843,0.997843,554548.853604,113447.852999,89718.076486,1659106949,0,0x241AdD131B9aaa7527132b752252b99420937ADc,yvCurve-USDT-crvUSD-f,1712847456,5704011974,0.901082,0.901082,1621307.067925,354210.917617,313261.024815,1475639780,0,0x8176b059BD8f63aeB7e20282b12D243b4626E2AE,yvCurve-FRAX-crvUSD-f,633779108,3802674649,0.96346,0.96346,345319.6,0.0,0.0,633779108,0
19274100,0x7cA00559B978CFde81297849be6151d3ccB408A9,yvCurve-USDC-crvUSD-f,633779108,633779108,0.961897,0.961897,831051.661307,33324.890236,29897.089322,633779108,0,0xd901DCf4948a29d7D9D7E015AAF61591825AC267,yvCurve-mkUSD-crvUSD-f,1658980193,9506686623,0.997843,0.997843,554548.853604,113447.852999,89718.076486,1659106949,0,0x241AdD131B9aaa7527132b752252b99420937ADc,yvCurve-USDT-crvUSD-f,1712847456,5704011974,0.901082,0.901082,1621307.067925,354210.917617,313261.024815,1475639780,0,0x8176b059BD8f63aeB7e20282b12D243b4626E2AE,yvCurve-FRAX-crvUSD-f,633779108,3802674649,0.96346,0.96346,345319.6,0.0,0.0,633779108,0
19275300,0x7cA00559B978CFde81297849be6151d3ccB408A9,yvCurve-USDC-crvUSD-f,633779108,633779108,0.961897,0.961897,831051.661307,33324.890236,29897.089322,633779108,0,0xd901DCf4948a29d7D9D7E015AAF61591825AC267,yvCurve-mkUSD-crvUSD-f,1658980193,9506686623,0.997843,0.997843,554548.853604,113447.852999,89718.076486,1659106949,0,0x241AdD131B9aaa7527132b752252b99420937ADc,yvCurve-USDT-crvUSD-f,1712847456,5704011974,0.901082,0.901082,1621307.067925,354210.917617,313261.024815,1475639780,0,0x8176b059BD8f63aeB7e20282b12D243b4626E2AE,yvCurve-FRAX-crvUSD-f,633779108,3802674649,0.96346,0.96346,345319.6,0.0,0.0,633779108,0
19276500,0x7cA00559B978CFde81297849be6151d3ccB408A9,yvCurve-USDC-crvUSD-f,633779108,633779108,0.961897,0.961897,831051.661307,33324.890236,29897.089322,633779108,0,0xd901DCf4948a29d7D9D7E015AAF61591825AC267,yvCurve-mkUSD-crvUSD-f,1658980193,9506686623,0.997843,0.997843,554548.853604,113447.852999,89718.076486,1659106949,0,0x241AdD131B9aaa7527132b752252b99420937ADc,yvCurve-USDT-crvUSD-f,1475639780,5704011974,0.900997,0.900997,1621365.44587,398244.263984,354819.40276,1587272048,0,0x8176b059BD8f63aeB7e20282b12D243b4626E2AE,yvCurve-FRAX-crvUSD-f,633779108,3802674649,0.96346,0.96346,345319.6,0.0,0.0,633779108,0
19277700,0x7cA00559B978CFde81297849be6151d3ccB408A9,yvCurve-USDC-crvUSD-f,633779108,633779108,0.961897,0.961897,831051.661307,33324.890236,29897.089322,633779108,0,0xd901DCf4948a29d7D9D7E015AAF61591825AC267,yvCurve-mkUSD-crvUSD-f,1658980193,9506686623,0.997843,0.997843,554548.853604,113447.852999,89718.076486,1659106949,0,0x241AdD131B9aaa7527132b752252b99420937ADc,yvCurve-USDT-crvUSD-f,1475639780,5704011974,0.900997,0.900997,1621365.44587,398244.263984,354819.40276,1587272048,0,0x8176b059BD8f63aeB7e20282b12D243b4626E2AE,yvCurve-FRAX-crvUSD-f,633779108,3802674649,0.96346,0.96346,345319.6,0.0,0.0,633779108,0
19278900,0x7cA00559B978CFde81297849be6151d3ccB408A9,yvCurve-USDC-crvUSD-f,633779108,633779108,0.961897,0.961897,831051.661307,33324.890236,29897.089322,633779108,0,0xd901DCf4948a29d7D9D7E015AAF61591825AC267,yvCurve-mkUSD-crvUSD-f,1658980193,9506686623,0.997843,0.997843,554548.853604,113447.852999,89718.076486,1659106949,0,0x241AdD131B9aaa7527132b752252b99420937ADc,yvCurve-USDT-crvUSD-f,1587315620,5704011974,0.900805,0.900805,1621385.731616,398244.263984,354839.652296,1587315620,0,0x8176b059BD8f63aeB7e20282b12D243b4626E2AE,yvCurve-FRAX-crvUSD-f,633779108,3802674649,0.96346,0.96346,345319.6,0.0,0.0,633779108,0
19280100,0x7cA00559B978CFde81297849be6151d3ccB408A9,yvCurve-USDC-crvUSD-f,633779108,633779108,0.961897,0.961897,831051.661307,33324.890236,29897.089322,633779108,0,0xd901DCf4948a29d7D9D7E015AAF61591825AC267,yvCurve-mkUSD-crvUSD-f,1658980193,9506686623,0.997843,0.997843,554548.853604,113447.852999,89718.076486,1659106949,0,0x241AdD131B9aaa7527132b752252b99420937ADc,yvCurve-USDT-crvUSD-f,1587315620,5704011974,0.900805,0.900805,1621385.731616,398244.263984,354839.652296,1587315620,0,0x8176b059BD8f63aeB7e20282b12D243b4626E2AE,yvCurve-FRAX-crvUSD-f,633779108,3802674649,0.96346,0.96346,345319.6,0.0,0.0,633779108,0
19281300,0x7cA00559B978CFde81297849be6151d3ccB408A9,yvCurve-USDC-crvUSD-f,633779108,633779108,0.961897,0.961897,831051.661307,33324.890236,29897.089322,633779108,0,0xd901DCf4948a29d7D9D7E015AAF61591825AC267,yvCurve-mkUSD-crvUSD-f,1658980193,9506686623,0.997843,0.997843,554548.853604,113447.852999,89718.076486,1659106949,0,0x241AdD131B9aaa7527132b752252b99420937ADc,yvCurve-USDT-crvUSD-f,1587315620,5704011974,0.900805,0.900805,1621385.731616,398244.263984,354839.652296,1587315620,0,0x8176b059BD8f63aeB7e20282b12D243b4626E2AE,yvCurve-FRAX-crvUSD-f,633779108,3802674649,0.96346,0.96346,345319.6,0.0,0.0,633779108,0
19282500,0x7cA00559B978CFde81297849be6151d3ccB408A9,yvCurve-USDC-crvUSD-f,633779108,633779108,0.961897,0.961897,831051.661307,33324.890236,29897.089322,633779108,0,0xd901DCf4948a29d7D9D7E015AAF61591825AC267,yvCurve-mkUSD-crvUSD-f,1658980193,9506686623,0.997843,0.997843,554548.853604,113447.852999,89718.076486,1659106949,0,0x241AdD131B9aaa7527132b752252b99420937ADc,yvCurve-USDT-crvUSD-f,1587315620,5704011974,0.900805,0.900805,1621385.731616,398244.263984,354839.652296,1587315620,0,0x8176b059BD8f63aeB7e20282b12D243b4626E2AE,yvCurve-FRAX-crvUSD-f,633779108,3802674649,0.96346,0.96346,345319.6,0.0,0.0,633779108,0
19283700,0x7cA00559B978CFde81297849be6151d3ccB408A9,yvCurve-USDC-crvUSD-f,633779108,633779108,0.961897,0.961897,831051.661307,33324.890236,29897.089322,633779108,0,0xd901DCf4948a29d7D9D7E015AAF61591825AC267,yvCurve-mkUSD-crvUSD-f,1658980193,9506686623,0.997843,0.997843,554548.853604,113447.852999,89718.076486,1659106949,0,0x241AdD131B9aaa7527132b752252b99420937ADc,yvCurve-USDT-crvUSD-f,1587315620,5704011974,0.900805,0.900805,1621385.731616,398244.263984,354839.652296,1587315620,0,0x8176b059BD8f63aeB7e20282b12D243b4626E2AE,yvCurve-FRAX-crvUSD-f,633779108,3802674649,0.96346,0.96346,345319.6,0.0,0.0,633779108,0
19284900,0x7cA00559B978CFde81297849be6151d3ccB408A9,yvCurve-USDC-crvUSD-f,633779108,633779108,0.961897,0.961897,831051.661307,33324.890236,29897.089322,633779108,0,0xd901DCf4948a29d7D9D7E015AAF61591825AC267,yvCurve-mkUSD-crvUSD-f,1658980193,9506686623,0.997843,0.997843,554548.853604,113447.852999,89718.076486,1659106949,0,0x241AdD131B9aaa7527132b752252b99420937ADc,yvCurve-USDT-crvUSD-f,1587315620,5704011974,0.900805,0.900805,1621385.731616,398244.263984,354839.652296,1587315620,0,0x8176b059BD8f63aeB7e20282b12D243b4626E2AE,yvCurve-FRAX-crvUSD-f,633779108,3802674649,0.96346,0.96346,345319.6,0.0,0.0,633779108,0
19286100,0x7cA00559B978CFde81297849be6151d3ccB408A9,yvCurve-USDC-crvUSD-f,633779108,633779108,0.961897,0.961897,831051.661307,33324.890236,29897.089322,633779108,0,0xd901DCf4948a29d7D9D7E015AAF61591825AC267,yvCurve-mkUSD-crvUSD-f,1658980193,9506686623,0.997843,0.997843,554548.853604,113447.852999,89718.076486,1659106949,0,0x241AdD131B9aaa7527132b752252b99420937ADc,yvCurve-USDT-crvUSD-f,1587315620,5704011974,0.900805,0.900805,1621385.731616,398244.263984,354839.652296,1587315620,0,0x8176b059BD8f63aeB7e20282b12D243b4626E2AE,yvCurve-FRAX-crvUSD-f,633779108,3802674649,0.96346,0.96346,345319.6,0.0,0.0,633779108,0
19287300,0x7cA00559B978CFde81297849be6151d3ccB408A9,yvCurve-USDC-crvUSD-f,633779108,633779108,0.961897,0.961897,831051.661307,33324.890236,29897.089322,633779108,0,0xd901DCf4948a29d7D9D7E015AAF61591825AC267,yvCurve-mkUSD-crvUSD-f,1658980193,9506686623,0.997843,0.997843,554548.853604,113447.852999,89718.076486,1659106949,0,0x241AdD131B9aaa7527132b752252b99420937ADc,yvCurve-USDT-crvUSD-f,1587315620,5704011974,0.900805,0.900805,1621385.731616,398244.263984,354839.652296,1587315620,0,0x8176b059BD8f63aeB7e20282b12D243b4626E2AE,yvCurve-FRAX-crvUSD-f,633779108,3802674649,0.96346,0.96346,345319.6,0.0,0.0,633779108,0
19288500,0x7cA00559B978CFde81297849be6151d3ccB408A9,yvCurve-USDC-crvUSD-f,633779108,633779108,0.961897,0.961897,831056.779576,33324.890236,29902.207597,633779108,0,0xd901DCf4948a29d7D9D7E015AAF61591825AC267,yvCurve-mkUSD-crvUSD-f,1658980193,9506686623,0.997843,0.997843,554548.853604,113447.852999,89718.076486,1659106949,0,0x241AdD131B9aaa7527132b752252b99420937ADc,yvCurve-USDT-crvUSD-f,1587446337,5704011974,0.900805,0.900805,1621447.210693,398244.263984,354901.131374,1587446337,0,0x8176b059BD8f63aeB7e20282b12D243b4626E2AE,yvCurve-FRAX-crvUSD-f,633779108,3802674649,0.96346,0.96346,345319.6,0.0,0.0,633779108,0
19289700,0x7cA00559B978CFde81297849be6151d3ccB408A9,yvCurve-USDC-crvUSD-f,633779108,633779108,0.961897,0.961897,831056.779576,33324.890236,29902.207597,633779108,0,0xd901DCf4948a29d7D9D7E015AAF61591825AC267,yvCurve-mkUSD-crvUSD-f,724599654,9506686623,0.997779,0.997779,554577.662148,9690.660549,7947.594952,724599654,0,0x241AdD131B9aaa7527132b752252b99420937ADc,yvCurve-USDT-crvUSD-f,1587446337,5704011974,0.900805,0.900805,1621447.210693,398244.263984,354901.131374,1587446337,0,0x8176b059BD8f63aeB7e20282b12D243b4626E2AE,yvCurve-FRAX-crvUSD-f,633779108,3802674649,0.96346,0.96346,345319.6,0.0,0.0,633779108,0
19290900,0x7cA00559B978CFde81297849be6151d3ccB408A9,yvCurve-USDC-crvUSD-f,633779108,633779108,0.961897,0.961897,831056.779576,33324.890236,29902.207597,633779108,0,0xd901DCf4948a29d7D9D7E015AAF61591825AC267,yvCurve-mkUSD-crvUSD-f,724599654,9506686623,0.997779,0.997779,554577.662148,9690.660549,7947.594952,724599654,0,0x241AdD131B9aaa7527132b752252b99420937ADc,yvCurve-USDT-crvUSD-f,1587446337,5704011974,0.900805,0.900805,1621447.210693,398244.263984,354901.131374,1587446337,0,0x8176b059BD8f63aeB7e20282b12D243b4626E2AE,yvCurve-FRAX-crvUSD-f,633779108,3802674649,0.96346,0.96346,345319.6,0.0,0.0,633779108,0
19292100,0x7cA00559B978CFde81297849be6151d3ccB408A9,yvCurve-USDC-crvUSD-f,633779108,633779108,0.961897,0.961897,831056.779576,33324.890236,29902.207597,633779108,0,0xd901DCf4948a29d7D9D7E015AAF61591825AC267,yvCurve-mkUSD-crvUSD-f,724599654,9506686623,0.997779,0.997779,554577.662148,9690.660549,7947.594952,724599654,0,0x241AdD131B9aaa7527132b752252b99420937ADc,yvCurve-USDT-crvUSD-f,1587446337,5704011974,0.900805,0.900805,1621447.210693,398244.263984,354901.131374,1587446337,0,0x8176b059BD8f63aeB7e20282b12D243b4626E2AE,yvCurve-FRAX-crvUSD-f,633779108,3802674649,0.96346,0.96346,345319.6,0.0,0.0,633779108,0
19293300,0x7cA00559B978CFde81297849be6151d3ccB408A9,yvCurve-USDC-crvUSD-f,633779108,633779108,0.961897,0.961897,831056.779576,33324.890236,29902.207597,633779108,0,0xd901DCf4948a29d7D9D7E015AAF61591825AC267,yvCurve-mkUSD-crvUSD-f,724599654,9506686623,0.997779,0.997779,554577.662148,9690.660549,7947.594952,724599654,0,0x241AdD131B9aaa7527132b752252b99420937ADc,yvCurve-USDT-crvUSD-f,1587446337,5704011974,0.896118,0.896118,1621483.062356,398253.232897,354937.983037,1587533482,0,0x8176b059BD8f63aeB7e20282b12D243b4626E2AE,yvCurve-FRAX-crvUSD-f,633779108,3802674649,0.96346,0.96346,345319.6,0.0,0.0,633779108,0
19294500,0x7cA00559B978CFde81297849be6151d3ccB408A9,yvCurve-USDC-crvUSD-f,633779108,633779108,0.961897,0.961897,831056.779576,33324.890236,29902.207597,633779108,0,0xd901DCf4948a29d7D9D7E015AAF61591825AC267,yvCurve-mkUSD-crvUSD-f,724599654,9506686623,0.997779,0.997779,554577.662148,9690.660549,7947.594952,724599654,0,0x241AdD131B9aaa7527132b752252b99420937ADc,yvCurve-USDT-crvUSD-f,1587446337,5704011974,0.896118,0.896118,1621483.062356,398253.232897,354937.983037,1587533482,0,0x8176b059BD8f63aeB7e20282b12D243b4626E2AE,yvCurve-FRAX-crvUSD-f,971999290,3802674649,0.9044,0.9044,345319.62838,70333.32074,58972.24925,971999290,0
19295700,0x7cA00559B978CFde81297849be6151d3ccB408A9,yvCurve-USDC-crvUSD-f,633779108,633779108,0.961897,0.961897,831056.779576,33324.890236,29902.207597,633779108,0,0xd901DCf4948a29d7D9D7E015AAF61591825AC267,yvCurve-mkUSD-crvUSD-f,724599654,9506686623,0.997779,0.997779,554577.662148,9690.660549,7947.594952,724599654,0,0x241AdD131B9aaa7527132b752252b99420937ADc,yvCurve-USDT-crvUSD-f,1587446337,5704011974,0.896118,0.896118,1621483.062356,398253.232897,354937.983037,1587533482,0,0x8176b059BD8f63aeB7e20282b12D243b4626E2AE,yvCurve-FRAX-crvUSD-f,971999290,3802674649,0.9044,0.9044,345319.62838,70333.32074,58972.24925,971999290,0
19296900,0x7cA00559B978CFde81297849be6151d3ccB408A9,yvCurve-USDC-crvUSD-f,633779108,633779108,0.947265843970152,0.947265843970152,831058.7248987656,241909.64948596308,214904.15291983748,633779108,0,0xd901DCf4948a29d7D9D7E015AAF61591825AC267,yvCurve-mkUSD-crvUSD-f,724599654,9506686623,0.9977786464427081,0.9977786464427081,554577.6621481113,9690.660548762573,7947.594951514334,724599654,0,0x241AdD131B9aaa7527132b752252b99420937ADc,yvCurve-USDT-crvUSD-f,1587446337,5704011974,0.8961184978469051,0.8961184978469051,1621483.0623564033,398253.23289727455,354937.9830369404,1587533482,0,0x8176b059BD8f63aeB7e20282b12D243b4626E2AE,yvCurve-FRAX-crvUSD-f,971999290,3802674649,0.9044007700682083,0.9044007700682083,345319.6283779553,70333.3207367908,58972.24924788418,971999290,0
19298100,0x7cA00559B978CFde81297849be6151d3ccB408A9,yvCurve-USDC-crvUSD-f,633779108,633779108,0.947265843970152,0.947265843970152,831058.7248987656,241909.64948596308,214904.15291983748,633779108,0,0xd901DCf4948a29d7D9D7E015AAF61591825AC267,yvCurve-mkUSD-crvUSD-f,724599654,9506686623,0.9977786464427081,0.9977786464427081,554577.6621481113,9690.660548762573,7947.594951514334,724599654,0,0x241AdD131B9aaa7527132b752252b99420937ADc,yvCurve-USDT-crvUSD-f,1587446337,5704011974,0.8961184978469051,0.8961184978469051,1621483.0623564033,398253.23289727455,354937.9830369404,1587533482,0,0x8176b059BD8f63aeB7e20282b12D243b4626E2AE,yvCurve-FRAX-crvUSD-f,971999290,3802674649,0.9044007700682083,0.9044007700682083,345319.6283779553,70333.3207367908,58972.24924788418,971999290,0
19299300,0x7cA00559B978CFde81297849be6151d3ccB408A9,yvCurve-USDC-crvUSD-f,633779108,633779108,0.947265843970152,0.947265843970152,831058.7248987656,241909.64948596308,214904.15291983748,633779108,0,0xd901DCf4948a29d7D9D7E015AAF61591825AC267,yvCurve-mkUSD-crvUSD-f,724599654,9506686623,0.9977786464427081,0.9977786464427081,554577.6621481113,9690.660548762573,7947.594951514334,724599654,0,0x241AdD131B9aaa7527132b752252b99420937ADc,yvCurve-USDT-crvUSD-f,1587446337,5704011974,0.8961184978469051,0.8961184978469051,1621483.0623564033,398253.23289727455,354937.9830369404,1587533482,0,0x8176b059BD8f63aeB7e20282b12D243b4626E2AE,yvCurve-FRAX-crvUSD-f,971999290,3802674649,0.9044007700682083,0.9044007700682083,345319.6283779553,70333.3207367908,58972.24924788418,971999290,0
19300500,0x7cA00559B978CFde81297849be6151d3ccB408A9,yvCurve-USDC-crvUSD-f,633779108,633779108,0.947265843970152,0.947265843970152,1187698.0192760653,241909.64948596308,214910.8148204372,633779108,0,0xd901DCf4948a29d7D9D7E015AAF61591825AC267,yvCurve-mkUSD-crvUSD-f,724599654,9506686623,0.9977786464427081,0.9977786464427081,792751.8025154315,9690.660548762573,7948.38503920757,697283774,0,0x241AdD131B9aaa7527132b752252b99420937ADc,yvCurve-USDT-crvUSD-f,1587533482,5704011974,0.8961184978469051,0.8961184978469051,2319351.8162016757,398253.23289727455,354986.82963854267,1300653368,0,0x8176b059BD8f63aeB7e20282b12D243b4626E2AE,yvCurve-FRAX-crvUSD-f,971999290,3802674649,0.9044007700682083,0.9044007700682083,345319.6283779553,70333.3207367908,58972.24924788418,971999290,0
19301700,0x7cA00559B978CFde81297849be6151d3ccB408A9,yvCurve-USDC-crvUSD-f,633779108,633779108,0.947265843970152,0.947265843970152,1187698.0192760653,241909.64948596308,214910.8148204372,633779108,0,0xd901DCf4948a29d7D9D7E015AAF61591825AC267,yvCurve-mkUSD-crvUSD-f,724599654,9506686623,0.9977786464427081,0.9977786464427081,792751.8025154315,9690.660548762573,7948.38503920757,697283774,0,0x241AdD131B9aaa7527132b752252b99420937ADc,yvCurve-USDT-crvUSD-f,1587533482,5704011974,0.8961184978469051,0.8961184978469051,2319351.8162016757,398253.23289727455,354986.82963854267,1300653368,0,0x8176b059BD8f63aeB7e20282b12D243b4626E2AE,yvCurve-FRAX-crvUSD-f,971999290,3802674649,0.9044007700682083,0.9044007700682083,345319.6283779553,70333.3207367908,58972.24924788418,971999290,0
19302900,0x7cA00559B978CFde81297849be6151d3ccB408A9,yvCurve-USDC-crvUSD-f,633779108,633779108,0.947265843970152,0.947265843970152,1187698.0192760653,241909.64948596308,214910.8148204372,633779108,0,0xd901DCf4948a29d7D9D7E015AAF61591825AC267,yvCurve-mkUSD-crvUSD-f,724599654,9506686623,0.9977786464427081,0.9977786464427081,792751.8025154315,9690.660548762573,7948.38503920757,697283774,0,0x241AdD131B9aaa7527132b752252b99420937ADc,yvCurve-USDT-crvUSD-f,1587533482,5704011974,0.8961184978469051,0.8961184978469051,2319351.8162016757,398253.23289727455,354986.82963854267,1300653368,0,0x8176b059BD8f63aeB7e20282b12D243b4626E2AE,yvCurve-FRAX-crvUSD-f,971999290,3802674649,0.9044007700682083,0.9044007700682083,345319.6283779553,70333.3207367908,58972.24924788418,971999290,0
19304100,0x7cA00559B978CFde81297849be6151d3ccB408A9,yvCurve-USDC-crvUSD-f,633779108,633779108,0.947265843970152,0.947265843970152,1187698.0192760653,241909.64948596308,214910.8148204372,633779108,0,0xd901DCf4948a29d7D9D7E015AAF61591825AC267,yvCurve-mkUSD-crvUSD-f,724599654,9506686623,0.9977786464427081,0.9977786464427081,792751.8025154315,9690.660548762573,7948.38503920757,697283774,0,0x241AdD131B9aaa7527132b752252b99420937ADc,yvCurve-USDT-crvUSD-f,1587533482,5704011974,0.8961184978469051,0.8961184978469051,2319351.8162016757,398253.23289727455,354986.82963854267,1300653368,0,0x8176b059BD8f63aeB7e20282b12D243b4626E2AE,yvCurve-FRAX-crvUSD-f,971999290,3802674649,0.9044007700682083,0.9044007700682083,345319.6283779553,70333.3207367908,58972.24924788418,971999290,0
19304961,0x7cA00559B978CFde81297849be6151d3ccB408A9,yvCurve-USDC-crvUSD-f,633779108,633779108,0.947265843970152,0.947265843970152,1187698.0192760653,241909.64948596308,214910.8148204372,633779108,0,0xd901DCf4948a29d7D9D7E015AAF61591825AC267,yvCurve-mkUSD-crvUSD-f,724599654,9506686623,0.9977786464427081,0.9977786464427081,792751.8025154315,9690.660548762573,7948.38503920757,697283774,0,0x241AdD131B9aaa7527132b752252b99420937ADc,yvCurve-USDT-crvUSD-f,1587533482,5704011974,0.8961184978469051,0.8961184978469051,2319351.8162016757,398253.23289727455,354986.82963854267,1300653368,0,0x8176b059BD8f63aeB7e20282b12D243b4626E2AE,yvCurve-FRAX-crvUSD-f,971999290,3802674649,0.9044007700682083,0.9044007700682083,345319.6283779553,70333.3207367908,58972.24924788418,971999290,0
