block,ppsUSDC,ppsmkUSD,ppsUSDT,ppsFRAX
18797700,1.03e+18,1e+18,1.08e+18,1.03e+18
18798900,1.03e+18,1e+18,1.08e+18,1.03e+18
18800100,1.03e+18,1e+18,1.08e+18,1.03e+18
18801300,1.03e+18,1e+18,1.08e+18,1.03e+18
18802500,1.03e+18,1e+18,1.08e+18,1.03e+18
18803700,1.03e+18,1e+18,1.08e+18,1.03e+18
18804900,1.03e+18,1e+18,1.08e+18,1.03e+18
18806100,1.03e+18,1e+18,1.08e+18,1.03e+18
18807300,1.03e+18,1e+18,1.08e+18,1.03e+18
18808500,1.03e+18,1e+18,1.08e+18,1.03e+18
18809700,1.03e+18,1e+18,1.08e+18,1.03e+18
18810900,1.03e+18,1e+18,1.08e+18,1.03e+18
18812100,1.03e+18,1e+18,1.08e+18,1.03e+18
18813300,1.03e+18,1e+18,1.08e+18,1.03e+18
18814500,1.03e+18,1e+18,1.08e+18,1.03e+18
18815700,1.03e+18,1e+18,1.08e+18,1.03e+18
18816900,1.03e+18,1e+18,1.08e+18,1.03e+18
18818100,1.03e+18,1e+18,1.08e+18,1.03e+18
18819300,1.03e+18,1e+18,1.08e+18,1.03e+18
18820500,1.03e+18,1e+18,1.08e+18,1.03e+18
18821700,1.03e+18,1e+18,1.08e+18,1.03e+18
18822900,1.03e+18,1e+18,1.08e+18,1.03e+18
18824100,1.03e+18,1e+18,1.08e+18,1.04e+18
18825300,1.03e+18,1e+18,1.08e+18,1.04e+18
18826500,1.03e+18,1e+18,1.08e+18,1.04e+18
18827700,1.03e+18,1e+18,1.08e+18,1.04e+18
18828900,1.03e+18,1e+18,1.08e+18,1.04e+18
18830100,1.03e+18,1e+18,1.08e+18,1.04e+18
18831300,1.03e+18,1e+18,1.08e+18,1.04e+18
18832500,1.03e+18,1e+18,1.08e+18,1.04e+18
18833700,1.03e+18,1e+18,1.08e+18,1.04e+18
18834900,1.03e+18,1e+18,1.08e+18,1.04e+18
18836100,1.03e+18,1e+18,1.08e+18,1.04e+18
18837300,1.03e+18,1e+18,1.08e+18,1.04e+18
18838500,1.03e+18,1e+18,1.08e+18,1.04e+18
18839700,1.03e+18,1e+18,1.08e+18,1.04e+18
18840900,1.03e+18,1e+18,1.08e+18,1.04e+18
18842100,1.03e+18,1e+18,1.08e+18,1.04e+18
18843300,1.03e+18,1e+18,1.08e+18,1.04e+18
18844500,1.03e+18,1e+18,1.08e+18,1.04e+18
18845700,1.03e+18,1e+18,1.08e+18,1.04e+18
18846900,1.03e+18,1e+18,1.08e+18,1.04e+18
18848100,1.03e+18,1e+18,1.08e+18,1.04e+18
18849300,1.03e+18,1e+18,1.08e+18,1.04e+18
18850500,1.03e+18,1e+18,1.08e+18,1.04e+18
18851700,1.03e+18,1e+18,1.08e+18,1.04e+18
18852900,1.03e+18,1e+18,1.08e+18,1.04e+18
18854100,1.03e+18,1e+18,1.08e+18,1.04e+18
18855300,1.03e+18,1e+18,1.08e+18,1.04e+18
18856500,1.03e+18,1e+18,1.08e+18,1.04e+18
18857700,1.03e+18,1e+18,1.08e+18,1.04e+18
18858900,1.03e+18,1e+18,1.08e+18,1.04e+18
18860100,1.03e+18,1e+18,1.08e+18,1.04e+18
18861300,1.03e+18,1e+18,1.08e+18,1.04e+18
18862500,1.03e+18,1e+18,1.08e+18,1.04e+18
18863700,1.03e+18,1e+18,1.08e+18,1.04e+18
18864900,1.03e+18,1e+18,1.08e+18,1.04e+18
18866100,1.03e+18,1e+18,1.08e+18,1.04e+18
18867300,1.03e+18,1e+18,1.08e+18,1.04e+18
18868500,1.03e+18,1e+18,1.08e+18,1.04e+18
18869700,1.03e+18,1e+18,1.08e+18,1.04e+18
18870900,1.03e+18,1e+18,1.08e+18,1.04e+18
18872100,1.03e+18,1e+18,1.08e+18,1.04e+18
18873300,1.03e+18,1e+18,1.08e+18,1.04e+18
18874500,1.03e+18,1e+18,1.08e+18,1.04e+18
18875700,1.03e+18,1e+18,1.08e+18,1.04e+18
18876900,1.03e+18,1e+18,1.08e+18,1.04e+18
18878100,1.03e+18,1e+18,1.08e+18,1.04e+18
18879300,1.03e+18,1e+18,1.08e+18,1.04e+18
18880500,1.03e+18,1e+18,1.08e+18,1.04e+18
18881700,1.03e+18,1e+18,1.08e+18,1.04e+18
18882900,1.03e+18,1e+18,1.08e+18,1.04e+18
18884100,1.03e+18,1e+18,1.08e+18,1.04e+18
18885300,1.03e+18,1e+18,1.08e+18,1.04e+18
18886500,1.03e+18,1e+18,1.08e+18,1.04e+18
18887700,1.03e+18,1e+18,1.08e+18,1.04e+18
18888900,1.03e+18,1e+18,1.08e+18,1.04e+18
18890100,1.03e+18,1e+18,1.08e+18,1.04e+18
18891300,1.03e+18,1e+18,1.08e+18,1.04e+18
18892500,1.03e+18,1e+18,1.08e+18,1.04e+18
18893700,1.03e+18,1e+18,1.08e+18,1.04e+18
18894900,1.03e+18,1e+18,1.08e+18,1.04e+18
18896100,1.03e+18,1e+18,1.08e+18,1.04e+18
18897300,1.03e+18,1e+18,1.08e+18,1.04e+18
18898500,1.03e+18,1e+18,1.08e+18,1.04e+18
18899700,1.03e+18,1e+18,1.08e+18,1.04e+18
18900900,1.03e+18,1e+18,1.08e+18,1.04e+18
18902100,1.03e+18,1e+18,1.08e+18,1.04e+18
18903300,1.03e+18,1e+18,1.08e+18,1.04e+18
18904500,1.03e+18,1e+18,1.08e+18,1.04e+18
18905700,1.03e+18,1e+18,1.08e+18,1.04e+18
18906900,1.03e+18,1e+18,1.08e+18,1.04e+18
18908100,1.03e+18,1e+18,1.08e+18,1.04e+18
18909300,1.03e+18,1e+18,1.08e+18,1.04e+18
18910500,1.04e+18,1e+18,1.08e+18,1.04e+18
18911700,1.04e+18,1e+18,1.08e+18,1.04e+18
18912900,1.04e+18,1e+18,1.08e+18,1.04e+18
18914100,1.04e+18,1e+18,1.08e+18,1.04e+18
18915300,1.04e+18,1e+18,1.08e+18,1.04e+18
18916500,1.04e+18,1e+18,1.08e+18,1.04e+18
18917700,1.04e+18,1e+18,1.08e+18,1.04e+18
18918900,1.04e+18,1e+18,1.08e+18,1.04e+18
18920100,1.04e+18,1e+18,1.08e+18,1.04e+18
18921300,1.04e+18,1e+18,1.08e+18,1.04e+18
18922500,1.04e+18,1e+18,1.08e+18,1.04e+18
18923700,1.04e+18,1e+18,1.08e+18,1.04e+18
18924900,1.04e+18,1e+18,1.08e+18,1.04e+18
18926100,1.04e+18,1e+18,1.08e+18,1.04e+18
18927300,1.04e+18,1e+18,1.08e+18,1.04e+18
18928500,1.04e+18,1e+18,1.08e+18,1.04e+18
18929700,1.04e+18,1e+18,1.08e+18,1.04e+18
18930900,1.04e+18,1e+18,1.08e+18,1.04e+18
18932100,1.04e+18,1e+18,1.08e+18,1.04e+18
18933300,1.04e+18,1e+18,1.08e+18,1.04e+18
18934500,1.04e+18,1e+18,1.08e+18,1.04e+18
18935700,1.04e+18,1e+18,1.08e+18,1.04e+18
18936900,1.04e+18,1e+18,1.08e+18,1.04e+18
18938100,1.04e+18,1e+18,1.08e+18,1.04e+18
18939300,1.04e+18,1e+18,1.08e+18,1.04e+18
18940500,1.04e+18,1e+18,1.08e+18,1.04e+18
18941700,1.04e+18,1e+18,1.08e+18,1.04e+18
18942900,1.04e+18,1e+18,1.08e+18,1.04e+18
18944100,1.04e+18,1e+18,1.08e+18,1.04e+18
18945300,1.04e+18,1e+18,1.08e+18,1.04e+18
18946500,1.04e+18,1e+18,1.08e+18,1.04e+18
18947700,1.04e+18,1e+18,1.08e+18,1.04e+18
18948900,1.04e+18,1e+18,1.08e+18,1.04e+18
18950100,1.04e+18,1e+18,1.08e+18,1.04e+18
18951300,1.04e+18,1e+18,1.08e+18,1.04e+18
18952500,1.04e+18,1e+18,1.08e+18,1.04e+18
18953700,1.04e+18,1e+18,1.08e+18,1.04e+18
18954900,1.04e+18,1e+18,1.08e+18,1.04e+18
18956100,1.04e+18,1e+18,1.08e+18,1.04e+18
18957300,1.04e+18,1e+18,1.08e+18,1.04e+18
18958500,1.04e+18,1e+18,1.08e+18,1.04e+18
18959700,1.04e+18,1e+18,1.08e+18,1.04e+18
18960900,1.04e+18,1e+18,1.08e+18,1.04e+18
18962100,1.04e+18,1e+18,1.08e+18,1.04e+18
18963300,1.04e+18,1e+18,1.08e+18,1.04e+18
18964500,1.04e+18,1e+18,1.08e+18,1.04e+18
18965700,1.04e+18,1e+18,1.08e+18,1.04e+18
18966900,1.04e+18,1e+18,1.08e+18,1.04e+18
18968100,1.04e+18,1e+18,1.08e+18,1.04e+18
18969300,1.04e+18,1e+18,1.08e+18,1.04e+18
18970500,1.04e+18,1e+18,1.08e+18,1.04e+18
18971700,1.04e+18,1e+18,1.08e+18,1.04e+18
18972900,1.04e+18,1e+18,1.08e+18,1.04e+18
18974100,1.04e+18,1e+18,1.08e+18,1.04e+18
18975300,1.04e+18,1e+18,1.08e+18,1.04e+18
18976500,1.04e+18,1e+18,1.08e+18,1.04e+18
18977700,1.04e+18,1e+18,1.08e+18,1.04e+18
18978900,1.04e+18,1e+18,1.08e+18,1.04e+18
18980100,1.04e+18,1e+18,1.08e+18,1.04e+18
18981300,1.04e+18,1e+18,1.08e+18,1.04e+18
18982500,1.04e+18,1e+18,1.08e+18,1.04e+18
18983700,1.04e+18,1e+18,1.08e+18,1.04e+18
18984900,1.04e+18,1e+18,1.08e+18,1.04e+18
18986100,1.04e+18,1e+18,1.08e+18,1.04e+18
18987300,1.04e+18,1e+18,1.08e+18,1.04e+18
18988500,1.04e+18,1e+18,1.08e+18,1.04e+18
18989700,1.04e+18,1e+18,1.08e+18,1.04e+18
18990900,1.04e+18,1e+18,1.08e+18,1.04e+18
18992100,1.04e+18,1e+18,1.08e+18,1.04e+18
18993300,1.04e+18,1e+18,1.08e+18,1.04e+18
18994500,1.04e+18,1e+18,1.08e+18,1.04e+18
18995700,1.04e+18,1e+18,1.08e+18,1.04e+18
18996900,1.04e+18,1e+18,1.08e+18,1.04e+18
18998100,1.04e+18,1e+18,1.08e+18,1.04e+18
18999300,1.04e+18,1e+18,1.08e+18,1.04e+18
19000500,1.04e+18,1e+18,1.08e+18,1.04e+18
19001700,1.04e+18,1e+18,1.08e+18,1.04e+18
19002900,1.04e+18,1e+18,1.08e+18,1.04e+18
19004100,1.04e+18,1e+18,1.08e+18,1.04e+18
19005300,1.04e+18,1e+18,1.08e+18,1.04e+18
19006500,1.04e+18,1e+18,1.08e+18,1.04e+18
19007700,1.04e+18,1e+18,1.08e+18,1.04e+18
19008900,1.04e+18,1e+18,1.08e+18,1.04e+18
19010100,1.04e+18,1e+18,1.08e+18,1.04e+18
19011300,1.04e+18,1e+18,1.08e+18,1.04e+18
19012500,1.04e+18,1e+18,1.08e+18,1.04e+18
19013700,1.04e+18,1e+18,1.08e+18,1.04e+18
19014900,1.04e+18,1e+18,1.08e+18,1.04e+18
19016100,1.04e+18,1e+18,1.08e+18,1.04e+18
19017300,1.04e+18,1e+18,1.08e+18,1.04e+18
19018500,1.04e+18,1e+18,1.08e+18,1.04e+18
19019700,1.04e+18,1e+18,1.08e+18,1.04e+18
19020900,1.04e+18,1e+18,1.08e+18,1.04e+18
19022100,1.04e+18,1e+18,1.08e+18,1.05e+18
19023300,1.04e+18,1e+18,1.08e+18,1.05e+18
19024500,1.04e+18,1e+18,1.08e+18,1.05e+18
19025700,1.04e+18,1e+18,1.08e+18,1.05e+18
19026900,1.04e+18,1e+18,1.08e+18,1.05e+18
19028100,1.04e+18,1e+18,1.08e+18,1.05e+18
19029300,1.04e+18,1e+18,1.08e+18,1.05e+18
19030500,1.04e+18,1e+18,1.08e+18,1.05e+18
19031700,1.04e+18,1e+18,1.08e+18,1.05e+18
19032900,1.04e+18,1e+18,1.08e+18,1.05e+18
19034100,1.04e+18,1e+18,1.08e+18,1.05e+18
19035300,1.04e+18,1e+18,1.08e+18,1.05e+18
19036500,1.04e+18,1e+18,1.08e+18,1.05e+18
19037700,1.04e+18,1e+18,1.08e+18,1.05e+18
19038900,1.04e+18,1e+18,1.08e+18,1.05e+18
19040100,1.04e+18,1e+18,1.08e+18,1.05e+18
19041300,1.04e+18,1e+18,1.08e+18,1.05e+18
19042500,1.04e+18,1e+18,1.08e+18,1.05e+18
19043700,1.04e+18,1e+18,1.08e+18,1.05e+18
19044900,1.04e+18,1e+18,1.08e+18,1.05e+18
19046100,1.04e+18,1e+18,1.08e+18,1.05e+18
19047300,1.04e+18,1e+18,1.08e+18,1.05e+18
19048500,1.04e+18,1e+18,1.08e+18,1.05e+18
19049700,1.04e+18,1e+18,1.08e+18,1.05e+18
19050900,1.04e+18,1e+18,1.08e+18,1.05e+18
19052100,1.04e+18,1e+18,1.08e+18,1.05e+18
19053300,1.04e+18,1e+18,1.08e+18,1.05e+18
19054500,1.04e+18,1e+18,1.09e+18,1.05e+18
19055700,1.04e+18,1e+18,1.09e+18,1.05e+18
19056900,1.04e+18,1e+18,1.09e+18,1.05e+18
19058100,1.04e+18,1e+18,1.09e+18,1.05e+18
19059300,1.04e+18,1e+18,1.09e+18,1.05e+18
19060500,1.04e+18,1e+18,1.09e+18,1.05e+18
19061700,1.04e+18,1e+18,1.09e+18,1.05e+18
19062900,1.04e+18,1e+18,1.09e+18,1.05e+18
19064100,1.04e+18,1e+18,1.09e+18,1.05e+18
19065300,1.04e+18,1e+18,1.09e+18,1.05e+18
19066500,1.04e+18,1e+18,1.09e+18,1.05e+18
19067700,1.04e+18,1e+18,1.09e+18,1.05e+18
19068900,1.04e+18,1e+18,1.09e+18,1.05e+18
19070100,1.04e+18,1e+18,1.09e+18,1.05e+18
19071300,1.04e+18,1e+18,1.09e+18,1.05e+18
19072500,1.04e+18,1e+18,1.09e+18,1.05e+18
19073700,1.04e+18,1e+18,1.09e+18,1.05e+18
19074900,1.04e+18,1e+18,1.09e+18,1.05e+18
19076100,1.04e+18,1e+18,1.09e+18,1.05e+18
19077300,1.04e+18,1e+18,1.09e+18,1.05e+18
19078500,1.04e+18,1e+18,1.09e+18,1.05e+18
19079700,1.04e+18,1e+18,1.1e+18,1.05e+18
19080900,1.04e+18,1e+18,1.1e+18,1.05e+18
19082100,1.04e+18,1e+18,1.1e+18,1.05e+18
19083300,1.04e+18,1e+18,1.1e+18,1.05e+18
19084500,1.04e+18,1e+18,1.1e+18,1.05e+18
19085700,1.04e+18,1e+18,1.1e+18,1.05e+18
19086900,1.04e+18,1e+18,1.1e+18,1.05e+18
19088100,1.04e+18,1e+18,1.1e+18,1.05e+18
19089300,1.04e+18,1e+18,1.1e+18,1.05e+18
19090500,1.04e+18,1e+18,1.1e+18,1.05e+18
19091700,1.04e+18,1e+18,1.1e+18,1.05e+18
19092900,1.04e+18,1e+18,1.1e+18,1.05e+18
19094100,1.04e+18,1e+18,1.1e+18,1.05e+18
19095300,1.04e+18,1e+18,1.1e+18,1.05e+18
19096500,1.04e+18,1e+18,1.1e+18,1.05e+18
19097700,1.04e+18,1e+18,1.1e+18,1.05e+18
19098900,1.04e+18,1e+18,1.1e+18,1.05e+18
19100100,1.04e+18,1e+18,1.1e+18,1.05e+18
19101300,1.04e+18,1e+18,1.1e+18,1.05e+18
19102500,1.04e+18,1e+18,1.1e+18,1.05e+18
19103700,1.04e+18,1e+18,1.1e+18,1.05e+18
19104900,1.04e+18,1e+18,1.1e+18,1.05e+18
19106100,1.04e+18,1e+18,1.1e+18,1.05e+18
19107300,1.04e+18,1e+18,1.1e+18,1.05e+18
19108500,1.04e+18,1e+18,1.1e+18,1.05e+18
19109700,1.04e+18,1e+18,1.1e+18,1.05e+18
19110900,1.04e+18,1e+18,1.1e+18,1.05e+18
19112100,1.04e+18,1e+18,1.1e+18,1.05e+18
19113300,1.04e+18,1e+18,1.1e+18,1.05e+18
19114500,1.04e+18,1e+18,1.1e+18,1.05e+18
19115700,1.04e+18,1e+18,1.1e+18,1.05e+18
19116900,1.04e+18,1e+18,1.1e+18,1.05e+18
19118100,1.04e+18,1e+18,1.1e+18,1.05e+18
19119300,1.04e+18,1e+18,1.1e+18,1.05e+18
19120500,1.04e+18,1e+18,1.1e+18,1.05e+18
19121700,1.04e+18,1e+18,1.1e+18,1.05e+18
19122900,1.04e+18,1e+18,1.1e+18,1.05e+18
19124100,1.04e+18,1e+18,1.1e+18,1.05e+18
19125300,1.04e+18,1e+18,1.1e+18,1.05e+18
19126500,1.04e+18,1e+18,1.1e+18,1.05e+18
19127700,1.04e+18,1e+18,1.1e+18,1.05e+18
19128900,1.04e+18,1e+18,1.1e+18,1.05e+18
19130100,1.04e+18,1e+18,1.1e+18,1.05e+18
19131300,1.04e+18,1e+18,1.1e+18,1.05e+18
19132500,1.04e+18,1e+18,1.1e+18,1.05e+18
19133700,1.04e+18,1e+18,1.1e+18,1.05e+18
19134900,1.04e+18,1e+18,1.1e+18,1.05e+18
19136100,1.04e+18,1e+18,1.1e+18,1.05e+18
19137300,1.04e+18,1e+18,1.1e+18,1.05e+18
19138500,1.04e+18,1e+18,1.1e+18,1.05e+18
19139700,1.04e+18,1e+18,1.1e+18,1.05e+18
19140900,1.04e+18,1e+18,1.1e+18,1.05e+18
19142100,1.04e+18,1e+18,1.1e+18,1.05e+18
19143300,1.04e+18,1e+18,1.1e+18,1.05e+18
19144500,1.04e+18,1e+18,1.1e+18,1.05e+18
19145700,1.04e+18,1e+18,1.1e+18,1.05e+18
19146900,1.04e+18,1e+18,1.1e+18,1.05e+18
19148100,1.04e+18,1e+18,1.1e+18,1.05e+18
19149300,1.05e+18,1e+18,1.1e+18,1.05e+18
19150500,1.05e+18,1e+18,1.1e+18,1.05e+18
19151700,1.05e+18,1e+18,1.1e+18,1.05e+18
19152900,1.05e+18,1e+18,1.1e+18,1.05e+18
19154100,1.05e+18,1e+18,1.1e+18,1.05e+18
19155300,1.05e+18,1e+18,1.1e+18,1.05e+18
19156500,1.05e+18,1e+18,1.1e+18,1.05e+18
19157700,1.05e+18,1e+18,1.1e+18,1.05e+18
19158900,1.05e+18,1e+18,1.1e+18,1.05e+18
19160100,1.05e+18,1e+18,1.1e+18,1.05e+18
19161300,1.05e+18,1e+18,1.1e+18,1.05e+18
19162500,1.05e+18,1e+18,1.1e+18,1.05e+18
19163700,1.05e+18,1e+18,1.1e+18,1.05e+18
19164900,1.05e+18,1e+18,1.1e+18,1.05e+18
19166100,1.05e+18,1e+18,1.1e+18,1.05e+18
19167300,1.05e+18,1e+18,1.1e+18,1.05e+18
19168500,1.05e+18,1e+18,1.1e+18,1.05e+18
19169700,1.05e+18,1e+18,1.1e+18,1.05e+18
19170900,1.05e+18,1e+18,1.1e+18,1.05e+18
19172100,1.05e+18,1e+18,1.1e+18,1.05e+18
19173300,1.05e+18,1e+18,1.1e+18,1.05e+18
19174500,1.05e+18,1e+18,1.1e+18,1.05e+18
19175700,1.05e+18,1e+18,1.1e+18,1.05e+18
19176900,1.05e+18,1e+18,1.1e+18,1.05e+18
19178100,1.05e+18,1e+18,1.1e+18,1.05e+18
19179300,1.05e+18,1e+18,1.1e+18,1.05e+18
19180500,1.05e+18,1e+18,1.1e+18,1.05e+18
19181700,1.05e+18,1e+18,1.1e+18,1.05e+18
19182900,1.05e+18,1e+18,1.1e+18,1.05e+18
19184100,1.05e+18,1e+18,1.1e+18,1.05e+18
19185300,1.05e+18,1e+18,1.1e+18,1.05e+18
19186500,1.05e+18,1e+18,1.1e+18,1.05e+18
19187700,1.05e+18,1e+18,1.1e+18,1.05e+18
19188900,1.05e+18,1e+18,1.1e+18,1.05e+18
19190100,1.05e+18,1e+18,1.1e+18,1.05e+18
19191300,1.05e+18,1e+18,1.1e+18,1.05e+18
19192500,1.05e+18,1e+18,1.1e+18,1.05e+18
19193700,1.05e+18,1e+18,1.1e+18,1.05e+18
19194900,1.05e+18,1e+18,1.1e+18,1.05e+18
19196100,1.05e+18,1e+18,1.1e+18,1.05e+18
19197300,1.05e+18,1e+18,1.1e+18,1.05e+18
19198500,1.05e+18,1e+18,1.1e+18,1.05e+18
19199700,1.05e+18,1e+18,1.1e+18,1.05e+18
19200900,1.05e+18,1e+18,1.1e+18,1.05e+18
19202100,1.05e+18,1e+18,1.1e+18,1.05e+18
19203300,1.05e+18,1e+18,1.1e+18,1.05e+18
19204500,1.05e+18,1e+18,1.1e+18,1.05e+18
19205700,1.05e+18,1e+18,1.1e+18,1.05e+18
19206900,1.05e+18,1e+18,1.1e+18,1.05e+18
19208100,1.05e+18,1e+18,1.1e+18,1.05e+18
19209300,1.05e+18,1e+18,1.1e+18,1.05e+18
19210500,1.05e+18,1e+18,1.1e+18,1.05e+18
19211700,1.05e+18,1e+18,1.1e+18,1.05e+18
19212900,1.05e+18,1e+18,1.1e+18,1.05e+18
19214100,1.05e+18,1e+18,1.1e+18,1.05e+18
19215300,1.05e+18,1e+18,1.1e+18,1.05e+18
19216500,1.05e+18,1e+18,1.1e+18,1.05e+18
19217700,1.05e+18,1e+18,1.1e+18,1.05e+18
19218900,1.05e+18,1e+18,1.1e+18,1.05e+18
19220100,1.05e+18,1e+18,1.1e+18,1.05e+18
19221300,1.05e+18,1e+18,1.1e+18,1.05e+18
19222500,1.05e+18,1e+18,1.1e+18,1.05e+18
19223700,1.05e+18,1e+18,1.1e+18,1.05e+18
19224900,1.05e+18,1e+18,1.1e+18,1.05e+18
19226100,1.05e+18,1e+18,1.1e+18,1.05e+18
19227300,1.05e+18,1e+18,1.1e+18,1.05e+18
19228500,1.05e+18,1e+18,1.1e+18,1.05e+18
19229700,1.05e+18,1e+18,1.1e+18,1.05e+18
19230900,1.05e+18,1e+18,1.1e+18,1.05e+18
19232100,1.05e+18,1e+18,1.1e+18,1.05e+18
19233300,1.05e+18,1e+18,1.1e+18,1.05e+18
19234500,1.05e+18,1e+18,1.1e+18,1.05e+18
19235700,1.05e+18,1e+18,1.1e+18,1.05e+18
19236900,1.05e+18,1e+18,1.1e+18,1.05e+18
19238100,1.05e+18,1e+18,1.1e+18,1.05e+18
19239300,1.05e+18,1e+18,1.1e+18,1.05e+18
19240500,1.05e+18,1e+18,1.1e+18,1.05e+18
19241700,1.05e+18,1e+18,1.1e+18,1.05e+18
19242900,1.05e+18,1e+18,1.1e+18,1.05e+18
19244100,1.05e+18,1e+18,1.1e+18,1.05e+18
19245300,1.05e+18,1e+18,1.1e+18,1.05e+18
19246500,1.05e+18,1e+18,1.1e+18,1.05e+18
19247700,1.05e+18,1e+18,1.1e+18,1.05e+18
19248900,1.05e+18,1e+18,1.1e+18,1.05e+18
19250100,1.05e+18,1e+18,1.1e+18,1.05e+18
19251300,1.05e+18,1e+18,1.1e+18,1.05e+18
19252500,1.05e+18,1e+18,1.1e+18,1.05e+18
19253700,1.05e+18,1e+18,1.1e+18,1.05e+18
19254900,1.05e+18,1e+18,1.1e+18,1.05e+18
19256100,1.05e+18,1e+18,1.1e+18,1.05e+18
19257300,1.05e+18,1e+18,1.1e+18,1.05e+18
19258500,1.05e+18,1e+18,1.1e+18,1.05e+18
19259700,1.05e+18,1e+18,1.1e+18,1.05e+18
19260900,1.05e+18,1e+18,1.1e+18,1.05e+18
19262100,1.05e+18,1e+18,1.1e+18,1.05e+18
19263300,1.05e+18,1e+18,1.1e+18,1.05e+18
19264500,1.05e+18,1e+18,1.1e+18,1.05e+18
19265700,1.05e+18,1e+18,1.1e+18,1.05e+18
19266900,1.05e+18,1e+18,1.1e+18,1.05e+18
19268100,1.05e+18,1e+18,1.1e+18,1.05e+18
19269300,1.05e+18,1e+18,1.1e+18,1.05e+18
19270500,1.05e+18,1e+18,1.1e+18,1.05e+18
19271700,1.05e+18,1e+18,1.1e+18,1.05e+18
19272900,1.05e+18,1e+18,1.1e+18,1.05e+18
19274100,1.05e+18,1e+18,1.1e+18,1.06e+18
19275300,1.05e+18,1e+18,1.1e+18,1.06e+18
19276500,1.05e+18,1e+18,1.1e+18,1.06e+18
19277700,1.05e+18,1e+18,1.1e+18,1.07e+18
19278900,1.05e+18,1e+18,1.1e+18,1.07e+18
19280100,1.05e+18,1e+18,1.1e+18,1.07e+18
19281300,1.05e+18,1e+18,1.1e+18,1.08e+18
19282500,1.05e+18,1e+18,1.11e+18,1.08e+18
19283700,1.05e+18,1e+18,1.11e+18,1.08e+18
19284900,1.05e+18,1e+18,1.11e+18,1.09e+18
19286100,1.05e+18,1e+18,1.11e+18,1.09e+18
19287300,1.05e+18,1e+18,1.11e+18,1.09e+18
19288500,1.05e+18,1e+18,1.11e+18,1.09e+18
19289700,1.05e+18,1e+18,1.11e+18,1.1e+18
19290900,1.05e+18,1e+18,1.11e+18,1.1e+18
19292100,1.05e+18,1e+18,1.11e+18,1.1e+18
19293300,1.05e+18,1e+18,1.11e+18,1.11e+18
19294500,1.05e+18,1e+18,1.11e+18,1.11e+18
19295700,1.05e+18,1e+18,1.11e+18,1.11e+18
19296900,1.05e+18,1e+18,1.11e+18,1.11e+18
19298100,1.05e+18,1e+18,1.11e+18,1.11e+18
19299300,1.05e+18,1e+18,1.11e+18,1.11e+18
19300500,1.05e+18,1e+18,1.11e+18,1.11e+18
19301700,1.05e+18,1e+18,1.11e+18,1.11e+18
19302900,1.05e+18,1e+18,1.11e+18,1.11e+18
19304100,1.05e+18,1e+18,1.11e+18,1.11e+18
19305300,1.05e+18,1e+18,1.11e+18,1.11e+18
19306500,1.05e+18,1e+18,1.11e+18,1.11e+18
19307700,1.05e+18,1e+18,1.12e+18,1.11e+18
19308900,1.05e+18,1e+18,1.12e+18,1.11e+18
19310100,1.05e+18,1e+18,1.12e+18,1.11e+18
19311300,1.05e+18,1e+18,1.12e+18,1.11e+18
19312500,1.05e+18,1e+18,1.12e+18,1.11e+18
19313700,1.05e+18,1e+18,1.12e+18,1.11e+18
19314900,1.05e+18,1e+18,1.12e+18,1.11e+18
19316100,1.05e+18,1e+18,1.12e+18,1.11e+18
19317300,1.05e+18,1e+18,1.12e+18,1.11e+18
19318500,1.05e+18,1e+18,1.12e+18,1.11e+18
19319700,1.05e+18,1e+18,1.12e+18,1.11e+18
19320900,1.05e+18,1e+18,1.12e+18,1.11e+18
19322100,1.05e+18,1e+18,1.12e+18,1.11e+18
19323300,1.05e+18,1e+18,1.12e+18,1.11e+18
19324500,1.05e+18,1e+18,1.12e+18,1.11e+18
19325700,1.05e+18,1e+18,1.12e+18,1.11e+18
19326900,1.05e+18,1e+18,1.12e+18,1.11e+18
19328100,1.05e+18,1e+18,1.12e+18,1.11e+18
19329300,1.05e+18,1e+18,1.12e+18,1.11e+18
19330500,1.05e+18,1e+18,1.12e+18,1.11e+18
19331700,1.05e+18,1e+18,1.12e+18,1.11e+18
19332900,1.05e+18,1e+18,1.12e+18,1.11e+18
19334100,1.05e+18,1e+18,1.12e+18,1.11e+18
19335300,1.05e+18,1e+18,1.12e+18,1.11e+18
19336500,1.05e+18,1e+18,1.12e+18,1.11e+18
19337700,1.05e+18,1e+18,1.12e+18,1.11e+18
19338900,1.05e+18,1e+18,1.12e+18,1.11e+18
19340100,1.05e+18,1e+18,1.12e+18,1.11e+18
19341300,1.05e+18,1e+18,1.12e+18,1.11e+18
19342500,1.05e+18,1e+18,1.12e+18,1.11e+18
19343700,1.05e+18,1e+18,1.12e+18,1.11e+18
19344900,1.05e+18,1e+18,1.12e+18,1.11e+18
19346100,1.05e+18,1e+18,1.12e+18,1.11e+18
19347300,1.05e+18,1e+18,1.12e+18,1.11e+18
19348500,1.05e+18,1e+18,1.12e+18,1.11e+18
19349700,1.05e+18,1e+18,1.12e+18,1.11e+18
19350900,1.05e+18,1e+18,1.12e+18,1.11e+18
19352100,1.05e+18,1e+18,1.12e+18,1.11e+18
19353300,1.05e+18,1e+18,1.12e+18,1.11e+18
19354500,1.05e+18,1e+18,1.12e+18,1.11e+18
19355700,1.05e+18,1e+18,1.12e+18,1.11e+18
19356900,1.05e+18,1e+18,1.12e+18,1.11e+18
19358100,1.05e+18,1e+18,1.12e+18,1.11e+18
19359300,1.05e+18,1e+18,1.12e+18,1.11e+18
19360500,1.05e+18,1e+18,1.12e+18,1.11e+18
19361700,1.05e+18,1e+18,1.12e+18,1.11e+18
19362900,1.05e+18,1e+18,1.12e+18,1.11e+18
19364100,1.05e+18,1e+18,1.12e+18,1.11e+18
19365300,1.05e+18,1e+18,1.12e+18,1.11e+18
19366500,1.05e+18,1e+18,1.12e+18,1.11e+18
19367700,1.05e+18,1e+18,1.12e+18,1.11e+18
19368900,1.05e+18,1e+18,1.12e+18,1.11e+18
19370100,1.05e+18,1e+18,1.12e+18,1.11e+18
19371300,1.05e+18,1e+18,1.12e+18,1.11e+18
19372500,1.05e+18,1e+18,1.12e+18,1.11e+18
19373700,1.05e+18,1e+18,1.12e+18,1.11e+18
19374900,1.05e+18,1e+18,1.12e+18,1.11e+18
19376100,1.05e+18,1e+18,1.12e+18,1.11e+18
19377300,1.05e+18,1e+18,1.12e+18,1.11e+18
19378500,1.05e+18,1e+18,1.12e+18,1.11e+18
19379700,1.05e+18,1e+18,1.12e+18,1.11e+18
19380900,1.05e+18,1e+18,1.12e+18,1.11e+18
19382100,1.05e+18,1e+18,1.12e+18,1.11e+18
19383300,1.05e+18,1e+18,1.12e+18,1.11e+18
19384500,1.05e+18,1e+18,1.12e+18,1.11e+18
19385700,1.05e+18,1e+18,1.12e+18,1.11e+18
19386900,1.05e+18,1e+18,1.12e+18,1.11e+18
19388100,1.05e+18,1e+18,1.12e+18,1.11e+18
19389300,1.05e+18,1e+18,1.12e+18,1.11e+18
19390500,1.05e+18,1e+18,1.12e+18,1.11e+18
19391700,1.05e+18,1e+18,1.12e+18,1.11e+18
19392900,1.05e+18,1e+18,1.12e+18,1.11e+18
19394100,1.05e+18,1e+18,1.12e+18,1.11e+18
19395300,1.05e+18,1e+18,1.12e+18,1.11e+18
19396500,1.05e+18,1e+18,1.12e+18,1.11e+18
19397700,1.05e+18,1e+18,1.12e+18,1.11e+18
19398900,1.05e+18,1e+18,1.12e+18,1.11e+18
19400100,1.05e+18,1e+18,1.12e+18,1.11e+18
19401300,1.05e+18,1e+18,1.12e+18,1.11e+18
19402500,1.05e+18,1e+18,1.12e+18,1.11e+18
19403700,1.05e+18,1e+18,1.12e+18,1.11e+18
19404900,1.05e+18,1e+18,1.12e+18,1.11e+18
19406100,1.05e+18,1e+18,1.12e+18,1.11e+18
19407300,1.05e+18,1e+18,1.12e+18,1.11e+18
19408500,1.05e+18,1e+18,1.12e+18,1.11e+18
19409700,1.05e+18,1e+18,1.12e+18,1.11e+18
19410900,1.05e+18,1e+18,1.12e+18,1.11e+18
19412100,1.05e+18,1e+18,1.12e+18,1.11e+18
19413300,1.06e+18,1e+18,1.12e+18,1.11e+18
19414500,1.06e+18,1e+18,1.12e+18,1.11e+18
19415700,1.06e+18,1e+18,1.12e+18,1.11e+18
19416900,1.06e+18,1e+18,1.12e+18,1.11e+18
19418100,1.06e+18,1e+18,1.12e+18,1.11e+18
19419300,1.06e+18,1e+18,1.12e+18,1.11e+18
19420500,1.06e+18,1e+18,1.12e+18,1.11e+18
19421700,1.06e+18,1e+18,1.12e+18,1.11e+18
19422900,1.06e+18,1e+18,1.12e+18,1.11e+18
19424100,1.06e+18,1e+18,1.12e+18,1.11e+18
19425300,1.06e+18,1e+18,1.12e+18,1.11e+18
19426500,1.06e+18,1e+18,1.12e+18,1.11e+18
19427700,1.06e+18,1e+18,1.12e+18,1.11e+18
19428900,1.06e+18,1e+18,1.12e+18,1.11e+18
19430100,1.07e+18,1e+18,1.12e+18,1.11e+18
19431300,1.07e+18,1e+18,1.12e+18,1.11e+18
19432500,1.07e+18,1e+18,1.12e+18,1.11e+18
19433700,1.07e+18,1e+18,1.12e+18,1.11e+18
19434900,1.07e+18,1e+18,1.12e+18,1.11e+18
19436100,1.07e+18,1e+18,1.12e+18,1.11e+18
19437300,1.07e+18,1e+18,1.12e+18,1.11e+18
19438500,1.07e+18,1e+18,1.12e+18,1.11e+18
19439700,1.07e+18,1e+18,1.12e+18,1.11e+18
19440900,1.07e+18,1e+18,1.12e+18,1.11e+18
19442100,1.07e+18,1e+18,1.12e+18,1.11e+18
19443300,1.07e+18,1e+18,1.12e+18,1.11e+18
19444500,1.07e+18,1e+18,1.12e+18,1.11e+18
19445700,1.07e+18,1e+18,1.12e+18,1.11e+18
19446900,1.07e+18,1e+18,1.12e+18,1.11e+18
19448100,1.07e+18,1e+18,1.12e+18,1.11e+18
19449300,1.07e+18,1e+18,1.12e+18,1.11e+18
19450500,1.07e+18,1e+18,1.12e+18,1.11e+18
19451700,1.07e+18,1e+18,1.12e+18,1.11e+18
19452900,1.07e+18,1e+18,1.12e+18,1.11e+18
19454100,1.07e+18,1e+18,1.12e+18,1.11e+18
19455300,1.07e+18,1e+18,1.12e+18,1.11e+18
19456500,1.07e+18,1e+18,1.12e+18,1.11e+18
19457700,1.07e+18,1e+18,1.12e+18,1.11e+18
19458900,1.07e+18,1e+18,1.12e+18,1.11e+18
19460100,1.07e+18,1e+18,1.12e+18,1.11e+18
19461300,1.07e+18,1e+18,1.12e+18,1.11e+18
19462500,1.07e+18,1e+18,1.12e+18,1.11e+18
19463700,1.07e+18,1e+18,1.12e+18,1.11e+18
19464900,1.07e+18,1e+18,1.12e+18,1.11e+18
19466100,1.07e+18,1e+18,1.12e+18,1.11e+18
19467300,1.07e+18,1e+18,1.12e+18,1.11e+18
19468500,1.07e+18,1e+18,1.12e+18,1.11e+18
19469700,1.07e+18,1e+18,1.12e+18,1.11e+18
19470900,1.07e+18,1e+18,1.12e+18,1.11e+18
19472100,1.07e+18,1e+18,1.12e+18,1.11e+18
19473300,1.07e+18,1e+18,1.12e+18,1.11e+18
19474500,1.07e+18,1e+18,1.12e+18,1.11e+18
19475700,1.07e+18,1e+18,1.12e+18,1.11e+18
19476900,1.07e+18,1e+18,1.12e+18,1.11e+18
19478100,1.07e+18,1e+18,1.12e+18,1.11e+18
19479300,1.07e+18,1e+18,1.12e+18,1.11e+18
19480500,1.07e+18,1e+18,1.12e+18,1.11e+18
19481700,1.07e+18,1e+18,1.12e+18,1.11e+18
19482900,1.07e+18,1e+18,1.12e+18,1.11e+18
19484100,1.07e+18,1e+18,1.12e+18,1.11e+18
19485300,1.07e+18,1e+18,1.12e+18,1.11e+18
19486500,1.07e+18,1e+18,1.12e+18,1.11e+18
19487700,1.07e+18,1e+18,1.12e+18,1.11e+18
19488900,1.07e+18,1e+18,1.12e+18,1.11e+18
19490100,1.07e+18,1e+18,1.12e+18,1.11e+18
19491300,1.07e+18,1e+18,1.12e+18,1.11e+18
19492500,1.07e+18,1e+18,1.12e+18,1.11e+18
19493700,1.07e+18,1e+18,1.12e+18,1.11e+18
19494900,1.07e+18,1e+18,1.12e+18,1.11e+18
19496100,1.07e+18,1e+18,1.12e+18,1.11e+18
19497300,1.07e+18,1e+18,1.12e+18,1.11e+18
19498500,1.07e+18,1e+18,1.12e+18,1.11e+18
19499700,1.07e+18,1e+18,1.12e+18,1.11e+18
19500900,1.07e+18,1e+18,1.12e+18,1.11e+18
19502100,1.07e+18,1e+18,1.12e+18,1.11e+18
19503300,1.07e+18,1e+18,1.12e+18,1.11e+18
19504500,1.07e+18,1e+18,1.12e+18,1.11e+18
19505700,1.07e+18,1e+18,1.12e+18,1.11e+18
19506900,1.07e+18,1e+18,1.12e+18,1.11e+18
19508100,1.07e+18,1e+18,1.12e+18,1.11e+18
19509300,1.07e+18,1e+18,1.12e+18,1.11e+18
19510500,1.07e+18,1e+18,1.12e+18,1.11e+18
19511700,1.07e+18,1e+18,1.12e+18,1.11e+18
19512900,1.07e+18,1e+18,1.13e+18,1.11e+18
19514100,1.07e+18,1e+18,1.13e+18,1.11e+18
19515300,1.07e+18,1e+18,1.13e+18,1.11e+18
19516500,1.07e+18,1e+18,1.13e+18,1.11e+18
19517700,1.07e+18,1e+18,1.13e+18,1.11e+18
19518900,1.07e+18,1e+18,1.13e+18,1.11e+18
19520100,1.07e+18,1e+18,1.13e+18,1.11e+18
19521300,1.07e+18,1e+18,1.13e+18,1.11e+18
19522500,1.07e+18,1e+18,1.13e+18,1.11e+18
19523700,1.07e+18,1e+18,1.13e+18,1.11e+18
19524900,1.07e+18,1e+18,1.13e+18,1.11e+18
19526100,1.07e+18,1e+18,1.13e+18,1.11e+18
19527300,1.07e+18,1e+18,1.13e+18,1.11e+18
19528500,1.07e+18,1e+18,1.13e+18,1.11e+18
19529700,1.07e+18,1e+18,1.13e+18,1.11e+18
19530900,1.07e+18,1e+18,1.13e+18,1.11e+18
19532100,1.07e+18,1e+18,1.13e+18,1.11e+18
19533300,1.07e+18,1e+18,1.13e+18,1.11e+18
19534500,1.07e+18,1e+18,1.14e+18,1.11e+18
19535700,1.07e+18,1.01e+18,1.14e+18,1.11e+18
19536900,1.07e+18,1.01e+18,1.14e+18,1.11e+18
19538100,1.07e+18,1.01e+18,1.14e+18,1.11e+18
19539300,1.07e+18,1.01e+18,1.14e+18,1.11e+18
19540500,1.07e+18,1.01e+18,1.14e+18,1.11e+18
19541700,1.07e+18,1.01e+18,1.14e+18,1.11e+18
19542900,1.07e+18,1.01e+18,1.14e+18,1.11e+18
19544100,1.07e+18,1.01e+18,1.14e+18,1.11e+18
19545300,1.07e+18,1.01e+18,1.14e+18,1.11e+18
19546500,1.07e+18,1.01e+18,1.14e+18,1.11e+18
19547700,1.07e+18,1.01e+18,1.14e+18,1.11e+18
19548900,1.07e+18,1.01e+18,1.14e+18,1.11e+18
19550100,1.07e+18,1.01e+18,1.14e+18,1.11e+18
19551300,1.07e+18,1.01e+18,1.14e+18,1.11e+18
19552500,1.07e+18,1.01e+18,1.14e+18,1.11e+18
19553700,1.07e+18,1.01e+18,1.14e+18,1.11e+18
19554900,1.07e+18,1.01e+18,1.14e+18,1.11e+18
19556100,1.07e+18,1.01e+18,1.14e+18,1.11e+18
19557300,1.07e+18,1.01e+18,1.14e+18,1.11e+18
19558500,1.07e+18,1.01e+18,1.14e+18,1.11e+18
19559700,1.07e+18,1.01e+18,1.14e+18,1.11e+18
19560900,1.07e+18,1.01e+18,1.14e+18,1.11e+18
19562100,1.07e+18,1.01e+18,1.14e+18,1.11e+18
19563300,1.07e+18,1.01e+18,1.14e+18,1.11e+18
19564500,1.07e+18,1.01e+18,1.14e+18,1.11e+18
19565700,1.07e+18,1.01e+18,1.14e+18,1.11e+18
19566900,1.07e+18,1.01e+18,1.14e+18,1.11e+18
19568100,1.07e+18,1.01e+18,1.14e+18,1.11e+18
19569300,1.07e+18,1.01e+18,1.14e+18,1.11e+18
19570500,1.07e+18,1.01e+18,1.14e+18,1.11e+18
19571700,1.07e+18,1.01e+18,1.14e+18,1.11e+18
19572900,1.07e+18,1.01e+18,1.14e+18,1.11e+18
19574100,1.07e+18,1.01e+18,1.14e+18,1.11e+18
19575300,1.07e+18,1.01e+18,1.14e+18,1.11e+18
19576500,1.07e+18,1.01e+18,1.14e+18,1.11e+18
19577700,1.07e+18,1.01e+18,1.14e+18,1.11e+18
19578900,1.07e+18,1.01e+18,1.14e+18,1.11e+18
19580100,1.07e+18,1.01e+18,1.14e+18,1.11e+18
19581300,1.07e+18,1.01e+18,1.14e+18,1.11e+18
19582500,1.07e+18,1.01e+18,1.14e+18,1.11e+18
19583700,1.07e+18,1.01e+18,1.14e+18,1.11e+18
19584900,1.07e+18,1.01e+18,1.14e+18,1.11e+18
19586100,1.07e+18,1.01e+18,1.14e+18,1.11e+18
19587300,1.07e+18,1.01e+18,1.14e+18,1.11e+18
19588500,1.07e+18,1.01e+18,1.14e+18,1.11e+18
19589700,1.07e+18,1.01e+18,1.14e+18,1.11e+18
19590900,1.07e+18,1.01e+18,1.14e+18,1.11e+18
19592100,1.07e+18,1.01e+18,1.14e+18,1.11e+18
19593300,1.07e+18,1.02e+18,1.14e+18,1.11e+18
19594500,1.07e+18,1.02e+18,1.14e+18,1.11e+18
19595700,1.07e+18,1.02e+18,1.14e+18,1.11e+18
19596900,1.07e+18,1.02e+18,1.14e+18,1.11e+18
19598100,1.07e+18,1.02e+18,1.14e+18,1.11e+18
19599300,1.07e+18,1.02e+18,1.14e+18,1.11e+18
19600500,1.07e+18,1.02e+18,1.14e+18,1.11e+18
19601700,1.07e+18,1.02e+18,1.14e+18,1.11e+18
19602900,1.07e+18,1.02e+18,1.14e+18,1.11e+18
19604100,1.07e+18,1.02e+18,1.14e+18,1.11e+18
19605300,1.07e+18,1.02e+18,1.14e+18,1.11e+18
19606500,1.07e+18,1.02e+18,1.14e+18,1.11e+18
19607700,1.07e+18,1.02e+18,1.14e+18,1.11e+18
19608900,1.07e+18,1.02e+18,1.14e+18,1.11e+18
19610100,1.07e+18,1.02e+18,1.14e+18,1.11e+18
19611300,1.07e+18,1.02e+18,1.14e+18,1.11e+18
19612500,1.07e+18,1.03e+18,1.14e+18,1.11e+18
19613211,1.07e+18,1.03e+18,1.14e+18,1.11e+18
19613700,1.07e+18,1.03e+18,1.14e+18,1.11e+18
19614900,1.07e+18,1.03e+18,1.14e+18,1.11e+18
19616100,1.07e+18,1.03e+18,1.14e+18,1.11e+18
19617300,1.07e+18,1.03e+18,1.14e+18,1.11e+18
19618500,1.08e+18,1.03e+18,1.14e+18,1.11e+18
19619235,1.08e+18,1.03e+18,1.14e+18,1.11e+18
19619700,1.08e+18,1.03e+18,1.14e+18,1.11e+18
19620900,1.08e+18,1.03e+18,1.14e+18,1.11e+18
19622100,1.08e+18,1.03e+18,1.14e+18,1.11e+18
19623300,1.08e+18,1.03e+18,1.14e+18,1.11e+18
19624500,1.08e+18,1.03e+18,1.14e+18,1.11e+18
19625700,1.08e+18,1.03e+18,1.14e+18,1.11e+18
19626900,1.08e+18,1.03e+18,1.14e+18,1.11e+18
19628100,1.08e+18,1.03e+18,1.14e+18,1.11e+18
19629300,1.08e+18,1.03e+18,1.14e+18,1.11e+18
19630500,1.08e+18,1.03e+18,1.14e+18,1.11e+18
19631700,1.08e+18,1.03e+18,1.14e+18,1.11e+18
19632900,1.08e+18,1.03e+18,1.14e+18,1.11e+18
19634100,1.08e+18,1.03e+18,1.14e+18,1.11e+18
19637700,1.08e+18,1.03e+18,1.14e+18,1.11e+18
19638900,1.08e+18,1.03e+18,1.14e+18,1.11e+18
19640100,1.08e+18,1.03e+18,1.14e+18,1.11e+18
19641300,1.076656843734074e+18,1.0277559649082895e+18,1.1443867610360975e+18,1.1104347828866446e+18
19642500,1.076656843734074e+18,1.0277559649082895e+18,1.1444012716384252e+18,1.1104347828866446e+18
19643700,1.076656843734074e+18,1.0277559649082895e+18,1.1444158902601252e+18,1.1104347828866446e+18
19644900,1.076656843734074e+18,1.0277559649082895e+18,1.144430424866758e+18,1.1104347828866446e+18
19646100,1.076656843734074e+18,1.0277559649082895e+18,1.1444449834776956e+18,1.1104347828866446e+18
19647300,1.076656843734074e+18,1.0277559649082895e+18,1.1444595060821756e+18,1.1104347828866446e+18
19648500,1.076656843734074e+18,1.0277559649082895e+18,1.1444740406888084e+18,1.1104347828866446e+18
19649700,1.076656843734074e+18,1.0277559649082895e+18,1.144488707319118e+18,1.1104347828866446e+18
19650900,1.076656843734074e+18,1.0277559649082895e+18,1.1445032539279032e+18,1.1104347828866446e+18
19652100,1.076656843734074e+18,1.0277559649082895e+18,1.1445178605474508e+18,1.1104347828866446e+18
19653300,1.076656843734074e+18,1.0277559649082895e+18,1.1445184846593788e+18,1.1104347828866446e+18
19654500,1.076656843734074e+18,1.0277559649082895e+18,1.1445184846593788e+18,1.1104347828866446e+18
19655700,1.076656843734074e+18,1.0277559649082895e+18,1.1445184846593788e+18,1.1104347828866446e+18
19656900,1.076656843734074e+18,1.0277559649082895e+18,1.1445184846593788e+18,1.1104347828866446e+18
19658100,1.076656843734074e+18,1.0277559649082895e+18,1.1445184846593788e+18,1.1104347828866446e+18
19659300,1.076656843734074e+18,1.0277559649082895e+18,1.1445184846593788e+18,1.1104347828866446e+18
19660500,1.076656843734074e+18,1.0277559649082895e+18,1.1445184846593788e+18,1.1104347828866446e+18
19661700,1.076656843734074e+18,1.0277559649082895e+18,1.1445184846593788e+18,1.1104347828866446e+18
19662900,1.076656843734074e+18,1.0277559649082895e+18,1.1445184846593788e+18,1.1104347828866446e+18
19663222,1.076656843734074e+18,1.0277559649082895e+18,1.1445184846593788e+18,1.1104347828866446e+18
19664100,1.076656843734074e+18,1.0277559649082895e+18,1.1445184846593788e+18,1.1104347828866446e+18
19665300,1.076656843734074e+18,1.0277559649082895e+18,1.1445184846593788e+18,1.1104347828866446e+18
19666500,1.076656843734074e+18,1.0277559649082895e+18,1.1445184846593788e+18,1.1104347828866446e+18
19667700,1.076656843734074e+18,1.0277559649082895e+18,1.1445184846593788e+18,1.1104347828866446e+18
19668900,1.076656843734074e+18,1.0277559649082895e+18,1.1445184846593788e+18,1.1104347828866446e+18
19670100,1.076656843734074e+18,1.0277559649082895e+18,1.1445184846593788e+18,1.1104347828866446e+18
19671300,1.076656843734074e+18,1.0277559649082895e+18,1.1445184846593788e+18,1.1104347828866446e+18
19672500,1.076656843734074e+18,1.0277559649082895e+18,1.1445184846593788e+18,1.1104347828866446e+18
19673700,1.076656843734074e+18,1.0277559649082895e+18,1.1445184846593788e+18,1.1104347828866446e+18
19674900,1.076656843734074e+18,1.0277559649082895e+18,1.1445184846593788e+18,1.1104347828866446e+18
19676100,1.076656843734074e+18,1.0277559649082895e+18,1.1445184846593788e+18,1.1104347828866446e+18
19677300,1.076656843734074e+18,1.0277559649082895e+18,1.1445184846593788e+18,1.1104347828866446e+18
19678500,1.076656843734074e+18,1.0278032741442228e+18,1.1445184846593788e+18,1.1104347828866446e+18
19679700,1.076656843734074e+18,1.027935391180976e+18,1.1445184846593788e+18,1.1104347828866446e+18
19680900,1.076656843734074e+18,1.0280665271506246e+18,1.1445184846593788e+18,1.1104347828866446e+18
19682100,1.076656843734074e+18,1.0281984261724658e+18,1.1445184846593788e+18,1.1104347828866446e+18
19683300,1.076656843734074e+18,1.0283299981719388e+18,1.1445184846593788e+18,1.1104347828866446e+18
19684500,1.076656843734074e+18,1.0284620062012358e+18,1.1445184846593788e+18,1.1104347828866446e+18
19685700,1.076656843734074e+18,1.028702621184829e+18,1.1445184846593788e+18,1.1104347828866446e+18
19686900,1.076656843734074e+18,1.0290590870463951e+18,1.1445184846593788e+18,1.1104347828866446e+18
19688100,1.076656843734074e+18,1.0294173234337636e+18,1.1445184846593788e+18,1.1104347828866446e+18
19689300,1.076656843734074e+18,1.0297746745582308e+18,1.1445184846593788e+18,1.1104347828866446e+18
19690500,1.076656843734074e+18,1.0301326158579656e+18,1.1445184846593788e+18,1.1104347828866446e+18
19691700,1.076656843734074e+18,1.0304899669824328e+18,1.1445184846593788e+18,1.1104347828866446e+18
19692900,1.076656843734074e+18,1.030846137756365e+18,1.1445184846593788e+18,1.1104347828866446e+18
19694100,1.076656843734074e+18,1.0312028987055648e+18,1.1445184846593788e+18,1.1104347828866446e+18
19695300,1.076656843734074e+18,1.0315596596547648e+18,1.1445401345265294e+18,1.1104347828866446e+18
19696500,1.076656843734074e+18,1.0319176009544992e+18,1.144629763498726e+18,1.1104347828866446e+18
19697700,1.076656843734074e+18,1.0322737717284316e+18,1.1447189491289332e+18,1.1104347828866446e+18
19698900,1.076656843734074e+18,1.0326293523270964e+18,1.144807986978477e+18,1.1104347828866446e+18
19700100,1.076656843734074e+18,1.0329858181886624e+18,1.1448972464990156e+18,1.1104347828866446e+18
19701300,1.076656843734074e+18,1.0333422840502284e+18,1.1449865060195544e+18,1.1104347828866446e+18
19702500,1.076656843734074e+18,1.0336984548241608e+18,1.1450756916497615e+18,1.1104347828866446e+18
19703700,1.076656843734074e+18,1.0340555108609942e+18,1.145165093693804e+18,1.1104347828866446e+18
19704900,1.076656843734074e+18,1.0344107963720252e+18,1.145252791729033e+18,1.1104347828866446e+18
19706100,1.076656843734074e+18,1.0347672622335912e+18,1.1453407811198607e+18,1.1104347828866446e+18
19707300,1.076656843734074e+18,1.0351222526569884e+18,1.14542840631619e+18,1.1104347828866446e+18
19708500,1.076656843734074e+18,1.035479308693822e+18,1.145517288504888e+18,1.1104347828866446e+18
19709700,1.076656843734074e+18,1.0358360696430218e+18,1.1456061122150944e+18,1.1104347828866446e+18
19710900,1.076656843734074e+18,1.0361916502416868e+18,1.1457483724646084e+18,1.1104347828866446e+18
19712100,1.076656843734074e+18,1.0365478210156188e+18,1.1460026514135154e+18,1.1104347828866446e+18
19713300,1.076656843734074e+18,1.036866893793068e+18,1.1462577730432804e+18,1.1104347828866446e+18
19714500,1.076656843734074e+18,1.036992262134543e+18,1.1465124733326166e+18,1.1104347828866446e+18
19715700,1.0767347686355313e+18,1.0371170083006262e+18,1.1467659096006656e+18,1.1104347828866446e+18
19716900,1.0768260715268604e+18,1.0372421414712625e+18,1.1470203992197873e+18,1.1104347828866446e+18
19718100,1.076917223254462e+18,1.0373670134928248e+18,1.1472744674984796e+18,1.1104347828866446e+18
19719300,1.077008828473246e+18,1.0374925067682254e+18,1.1475297997984594e+18,1.1104347828866446e+18
19720500,1.0771000557827112e+18,1.037617482332094e+18,1.1477840787473664e+18,1.1104347828866446e+18
19721700,1.077191434255904e+18,1.0377426649805756e+18,1.1480387790367026e+18,1.1104347828866446e+18
19722900,1.0772828883109604e+18,1.0378679511713636e+18,1.1482936899962532e+18,1.1104347828866446e+18
19724100,1.0773744179478808e+18,1.0379931035000113e+18,1.1485488116260184e+18,1.1104347828866446e+18
19725300,1.0774660231666646e+18,1.0381180178333816e+18,1.148804143925998e+18,1.1104347828866446e+18
19726500,1.077557703967312e+18,1.0382430352313832e+18,1.149059686896192e+18,1.1104347828866446e+18
19727700,1.0776490824405048e+18,1.0383676403708593e+18,1.149314391455152e+18,1.1104347828866446e+18
19728900,1.0777404609136975e+18,1.038492245510335e+18,1.1495691665557204e+18,1.1104347828866446e+18
19730100,1.0778318393868904e+18,1.0386168506498108e+18,1.1498239416562892e+18,1.1104347828866446e+18
19731300,1.0779230666963558e+18,1.0387412496600236e+18,1.1500782952926716e+18,1.1104347828866446e+18
19732500,1.0780142940058212e+18,1.0388656486702364e+18,1.150332648929054e+18,1.1104347828866446e+18
19733700,1.0781055968971505e+18,1.0389901507450808e+18,1.1505872132975296e+18,1.1104347828866446e+18
19734900,1.0781966730428884e+18,1.0391143436260306e+18,1.1508411454697258e+18,1.1104347828866446e+18
19736100,1.0782879759342176e+18,1.039237321446506e+18,1.1510957098382016e+18,1.1104347828866446e+18
19737300,1.078379203243683e+18,1.0393578955606212e+18,1.151350063474584e+18,1.1104347828866446e+18
19738500,1.078470732880603e+18,1.0394788692575502e+18,1.1516052600393388e+18,1.1104347828866446e+18
19739700,1.0785623380993868e+18,1.0395999428501828e+18,1.1517342280803226e+18,1.1104347828866446e+18
19740900,1.0786542456456256e+18,1.0397214160256292e+18,1.1517342280803226e+18,1.1104347828866446e+18
19742100,1.0787457752825457e+18,1.0398423897225585e+18,1.1517342280803226e+18,1.1104347828866446e+18
19743300,1.0788336014081457e+18,1.0399629638366734e+18,1.1517342280803226e+18,1.1104347828866446e+18
19744500,1.0788336014081457e+18,1.0400834380550848e+18,1.1517342280803226e+18,1.1104347828866446e+18
19745700,1.0788336014081457e+18,1.0402046115434208e+18,1.1517342280803226e+18,1.1104347828866446e+18
19746900,1.0788336014081457e+18,1.0403257850317568e+18,1.1517342280803226e+18,1.1104347828866446e+18
19748100,1.0788336014081457e+18,1.040446359145872e+18,1.1517342280803226e+18,1.1104347828866446e+18
19749300,1.0788336014081457e+18,1.040567133051394e+18,1.1517342280803226e+18,1.1104347828866446e+18
19750500,1.0788336014081457e+18,1.0406877071655092e+18,1.1517342280803226e+18,1.1104347828866446e+18
19751700,1.0788336014081457e+18,1.0408087807581416e+18,1.1517342280803226e+18,1.1104347828866446e+18
19752900,1.0788336014081457e+18,1.0409293548722568e+18,1.1517342280803226e+18,1.1104347828866446e+18
19754100,1.0788336014081457e+18,1.0410499289863718e+18,1.1517342280803226e+18,1.1104347828866446e+18
19755300,1.0788336014081457e+18,1.0411708027875972e+18,1.1517342280803226e+18,1.1104347828866446e+18
19756500,1.0788336014081457e+18,1.0412916765888228e+18,1.1517342280803226e+18,1.1104347828866446e+18
19757700,1.0788336014081457e+18,1.041412250702938e+18,1.1517342280803226e+18,1.1104347828866446e+18
19758900,1.0788336014081457e+18,1.0415327249213496e+18,1.1517342280803226e+18,1.1104347828866446e+18
19760100,1.0788336014081457e+18,1.0416532990354646e+18,1.1517342280803226e+18,1.1104347828866446e+18
19761300,1.0788336014081457e+18,1.0417741728366902e+18,1.1517342280803226e+18,1.1104347828866446e+18
19762500,1.0792381068137324e+18,1.0418951465336192e+18,1.1517342280803226e+18,1.1104347828866446e+18
19763700,1.0797110729987944e+18,1.0420159204391412e+18,1.1517342280803226e+18,1.1104347828866446e+18
19764900,1.0801824743660402e+18,1.0420662678737018e+18,1.1517342280803226e+18,1.1104347828866446e+18
19766100,1.0806530933243776e+18,1.0420662678737018e+18,1.1517342280803226e+18,1.1104347828866446e+18
19767300,1.0811237122827148e+18,1.0420662678737018e+18,1.1517342280803226e+18,1.1104347828866446e+18
19768500,1.0815978520811396e+18,1.0420662678737018e+18,1.1517342280803226e+18,1.1104347828866446e+18
19769700,1.0820688622439308e+18,1.0420662678737018e+18,1.1517342280803226e+18,1.1104347828866446e+18
19770900,1.0825426108379014e+18,1.0420662678737018e+18,1.1517342280803226e+18,1.1104347828866446e+18
19772100,1.0830147946140552e+18,1.04210582258227e+18,1.1517342280803226e+18,1.1104347828866446e+18
19773300,1.0834877607991176e+18,1.0421795077019292e+18,1.1517342280803226e+18,1.1104347828866446e+18
19774500,1.0839595533708172e+18,1.0422530099801004e+18,1.1517342280803226e+18,1.1104347828866446e+18
19775700,1.0844321283514254e+18,1.0423266341525972e+18,1.1517342280803226e+18,1.1104347828866446e+18
19776900,1.0849031385142168e+18,1.0424000145364431e+18,1.1517342280803226e+18,1.1104347828866446e+18
19778100,1.0853741486770084e+18,1.042473394920289e+18,1.1517342280803226e+18,1.1104347828866446e+18
19779300,1.0858475060665248e+18,1.042547140987111e+18,1.1517342280803226e+18,1.1104347828866446e+18
19780500,1.0863192986382244e+18,1.0426206432652824e+18,1.1517342280803226e+18,1.1104347828866446e+18
19781700,1.086793047232195e+18,1.042694450279267e+18,1.1517342280803226e+18,1.1104347828866446e+18
19782900,1.0872652310083488e+18,1.042768013504601e+18,1.1517342280803226e+18,1.1104347828866446e+18
19784100,1.0877378059889568e+18,1.0428416376770976e+18,1.1517342280803226e+18,1.1104347828866446e+18
19785300,1.0882115545829274e+18,1.042915444691082e+18,1.1517342280803226e+18,1.1104347828866446e+18
19786500,1.0886833471546272e+18,1.0429889469692534e+18,1.1517342280803226e+18,1.1104347828866446e+18
19787700,1.0891574869530518e+18,1.0430628149304006e+18,1.1517342280803226e+18,1.1104347828866446e+18
19788900,1.0896288883202972e+18,1.0431362562614092e+18,1.1517342280803226e+18,1.1104347828866446e+18
19790100,1.0901002896875452e+18,1.0432099413810688e+18,1.1517342280803226e+18,1.1104347828866446e+18
19791300,1.0901002896875452e+18,1.0432835046064026e+18,1.1517342280803226e+18,1.1104347828866446e+18
19792500,1.0901002896875452e+18,1.0433572506732246e+18,1.1517342280803226e+18,1.1104347828866446e+18
19793700,1.0901002896875452e+18,1.0434306310570703e+18,1.1517342280803226e+18,1.1104347828866446e+18
19794900,1.0901002896875452e+18,1.0435044380710552e+18,1.1517342280803226e+18,1.1104347828866446e+18
19796100,1.0901002896875452e+18,1.0435778794020636e+18,1.1517342280803226e+18,1.1104347828866446e+18
19797300,1.0901002896875452e+18,1.043651381680235e+18,1.1517342280803226e+18,1.1104347828866446e+18
19798500,1.0901002896875452e+18,1.043725127747057e+18,1.1517342280803226e+18,1.1104347828866446e+18
19799700,1.0901002896875452e+18,1.0437988128667164e+18,1.1517342280803226e+18,1.1104347828866446e+18
19800900,1.0901002896875452e+18,1.0438215461583898e+18,1.1517342280803226e+18,1.1104347828866446e+18
19802100,1.0901002896875452e+18,1.0438215461583898e+18,1.1517342280803226e+18,1.1104347828866446e+18
19803300,1.0901002896875452e+18,1.0438215461583898e+18,1.1517342280803226e+18,1.1104347828866446e+18
19804500,1.0901002896875452e+18,1.0438215461583898e+18,1.1517342280803226e+18,1.1104347828866446e+18
19805700,1.0901002896875452e+18,1.0438215461583898e+18,1.1517342280803226e+18,1.1104347828866446e+18
19806900,1.0901002896875452e+18,1.0438215461583898e+18,1.1517342280803226e+18,1.1104347828866446e+18
19808100,1.0901002896875452e+18,1.0438215461583898e+18,1.1517342280803226e+18,1.1104347828866446e+18
19809300,1.0901002896875452e+18,1.0438215461583898e+18,1.1517342280803226e+18,1.1104347828866446e+18
19810500,1.0901002896875452e+18,1.0438215461583898e+18,1.1517342280803226e+18,1.1104347828866446e+18
19811700,1.0901002896875452e+18,1.0438215461583898e+18,1.1517342280803226e+18,1.1104347828866446e+18
19812900,1.0901002896875452e+18,1.0438215461583898e+18,1.1517342280803226e+18,1.1104347828866446e+18
19814100,1.0901002896875452e+18,1.0438215461583898e+18,1.1517342280803226e+18,1.1104347828866446e+18
19815300,1.0901002896875452e+18,1.0438215461583898e+18,1.1517342280803226e+18,1.1104347828866446e+18
19816500,1.0901002896875452e+18,1.0438215461583898e+18,1.1517342280803226e+18,1.1104347828866446e+18
19817700,1.0901002896875452e+18,1.0438215461583898e+18,1.1517342280803226e+18,1.1104347828866446e+18
19818900,1.0901002896875452e+18,1.0438215461583898e+18,1.1517342280803226e+18,1.1104347828866446e+18
19820100,1.0901002896875452e+18,1.0438215461583898e+18,1.1517342280803226e+18,1.1104347828866446e+18
19821300,1.090154192475718e+18,1.0438215461583898e+18,1.1517342280803226e+18,1.1104347828866446e+18
19822500,1.090373627812705e+18,1.0438215461583898e+18,1.1517342280803226e+18,1.1104347828866446e+18
19823700,1.0905934273577204e+18,1.0438215461583898e+18,1.1517342280803226e+18,1.1104347828866446e+18
19824900,1.090813773214778e+18,1.0438215461583898e+18,1.1518114184537792e+18,1.1104347828866446e+18
19826100,1.0910343011758497e+18,1.0438215461583898e+18,1.1520769796533705e+18,1.1104347828866446e+18
19827300,1.0912550112409357e+18,1.0438215461583898e+18,1.1523427601437953e+18,1.1104347828866446e+18
19828500,1.0914755392020074e+18,1.0438215461583898e+18,1.1526083288457914e+18,1.1104347828866446e+18
19829700,1.0916947924349805e+18,1.0438215461583898e+18,1.1528726776129519e+18,1.1104347828866446e+18
19830900,1.0919160488121087e+18,1.0438215461583898e+18,1.1531394415266563e+18,1.1104347828866446e+18
19832100,1.0921354841490958e+18,1.0438215461583898e+18,1.1534002555131932e+18,1.1104347828866446e+18
19833300,1.0923543731740407e+18,1.0438215461583898e+18,1.1536596882620472e+18,1.1104347828866446e+18
19834500,1.0925745369270843e+18,1.0438215461583898e+18,1.1539206318505367e+18,1.1104347828866446e+18
19835700,1.0927952469921701e+18,1.0438215461583898e+18,1.154182222941727e+18,1.1104347828866446e+18
19836900,1.093014687346472e+18,1.0438215461583898e+18,1.1544431665302167e+18,1.1104347828866446e+18
19838100,1.093118175374798e+18,1.0438215461583898e+18,1.1547192437313004e+18,1.1104347828866446e+18
19839300,1.0932037906554282e+18,1.0438215461583898e+18,1.1549956389818465e+18,1.1104347828866446e+18
19840500,1.093289051568175e+18,1.0438215461583898e+18,1.1552719249189624e+18,1.1104347828866446e+18
19841700,1.0933746668488051e+18,1.0438215461583898e+18,1.1555673442160072e+18,1.1104347828866446e+18
19842900,1.0934602821294354e+18,1.0438215461583898e+18,1.1558627635130516e+18,1.1104347828866446e+18
19844100,1.093546039157219e+18,1.0438215461583898e+18,1.1561586719148928e+18,1.1104347828866446e+18
19845300,1.0936314418171191e+18,1.0438215461583898e+18,1.156453357554743e+18,1.1104347828866446e+18
19846500,1.0937171988449027e+18,1.0438215461583898e+18,1.1567492659565842e+18,1.1104347828866446e+18
19847700,1.0938029558726862e+18,1.0438215461583898e+18,1.1570451743584253e+18,1.1104347828866446e+18
19848900,1.0938882876590097e+18,1.0438215461583898e+18,1.157339615445877e+18,1.1104347828866446e+18
19850100,1.0939738320660632e+18,1.0438215461583898e+18,1.1576347901905236e+18,1.1104347828866446e+18
19851300,1.0940596599674235e+18,1.0438215461583898e+18,1.1579308925048364e+18,1.1104347828866446e+18
19852500,1.0941450626273236e+18,1.0438215461583898e+18,1.1582255109408192e+18,1.1104347828866446e+18
19853700,1.0942310322758372e+18,1.0438215461583898e+18,1.1585220853498212e+18,1.1104347828866446e+18
19854900,1.0943168601771974e+18,1.0438215461583898e+18,1.1588181707655683e+18,1.1104347828866446e+18
19856100,1.0943831102679346e+18,1.0438215461583898e+18,1.159112789201551e+18,1.1104347828866446e+18
19857300,1.094407756284836e+18,1.0438215461583898e+18,1.1594076521341614e+18,1.1104347828866446e+18
19858500,1.0944324431740705e+18,1.0438215461583898e+18,1.1597030040600264e+18,1.1104347828866446e+18
19859700,1.0944571504994716e+18,1.0438215461583898e+18,1.1599986004825188e+18,1.1104347828866446e+18
19860900,1.094481796516373e+18,1.0438215461583898e+18,1.1602934634151288e+18,1.1104347828866446e+18
19862100,1.094506462969441e+18,1.0438215461583898e+18,1.1605885708443666e+18,1.1104347828866446e+18
19863300,1.0945311294225089e+18,1.0438215461583898e+18,1.160883678273604e+18,1.1104347828866446e+18
19864500,1.0945558163117435e+18,1.0438215461583898e+18,1.161179030199469e+18,1.1104347828866446e+18
19865700,1.0945804827648114e+18,1.0438215461583898e+18,1.16146974120709e+18,1.1104347828866446e+18
19866900,1.0946051287817128e+18,1.0438215461583898e+18,1.161760029433514e+18,1.1104347828866446e+18
19868100,1.09462997916028e+18,1.0438215461583898e+18,1.1620527246933245e+18,1.1104347828866446e+18
19869300,1.0946550339005132e+18,1.0438215461583898e+18,1.1622729682481997e+18,1.1104347828866446e+18
19870500,1.0946798434067471e+18,1.0438215461583898e+18,1.1622729682481997e+18,1.1104347828866446e+18
19871700,1.0947046120406481e+18,1.0438215461583898e+18,1.1622729682481997e+18,1.1104347828866446e+18
19872900,1.0947291967490496e+18,1.0438215461583898e+18,1.1622729682481997e+18,1.1104347828866446e+18
19874100,1.094753842765951e+18,1.0438215461583898e+18,1.1622729682481997e+18,1.1104347828866446e+18
19875300,1.0947784479105192e+18,1.0438215461583898e+18,1.1622729682481997e+18,1.1104347828866446e+18
19876500,1.0948030939274205e+18,1.0438215461583898e+18,1.1622729682481997e+18,1.1104347828866446e+18
19877700,1.0948276786358222e+18,1.0438215461583898e+18,1.1622729682481997e+18,1.1104347828866446e+18
19878900,1.0948524601806467e+18,1.0438215461583898e+18,1.1622729682481997e+18,1.1104347828866446e+18
19879703,1.094869014980549e+18,1.0438215461583898e+18,1.1622729682481997e+18,1.1104347828866446e+18
